, Metric: Tickets incoming, SubsetType: IMPACT, From 2018-01-01 to 2019-10-03,,
date, group_name,impact, case_id,sev,nTicketBySev
2018-01-04 00:35:42 UTC, group-a,3,135338635,Sev2,156
2018-01-05 16:35:43 UTC, group-a,3,136492446,Sev3,939
2018-01-06 02:12:15 UTC, group-a,3,136535970,Sev4,107
2018-01-06 13:05:46 UTC, group-a,3,136570509,Sev5,143
2018-01-07 12:20:49 UTC, group-a,3,136620073,,
2018-01-07 17:41:09 UTC, group-a,3,136634902,,
2018-01-08 21:43:54 UTC, group-a,3,136752850,,
2018-01-09 01:31:13 UTC, group-a,3,136768658,,
2018-01-09 03:11:19 UTC, group-a,3,136777335,,
2018-01-09 05:25:45 UTC, group-a,3,136785162,,
2018-01-09 06:35:28 UTC, group-a,2,136790595,,
2018-01-09 14:10:14 UTC, group-a,2,136838439,,
2018-01-09 17:35:19 UTC, group-a,3,136863720,,
2018-01-10 03:50:13 UTC, group-a,2,136911660,,
2018-01-10 13:15:21 UTC, group-a,3,136968207,,
2018-01-12 00:05:58 UTC, group-a,3,137162651,,
2018-01-12 19:51:43 UTC, group-a,5,137267019,,
2018-01-15 09:15:47 UTC, group-a,3,137423698,,
2018-01-15 18:39:42 UTC, group-a,3,137483614,,
2018-01-15 23:21:55 UTC, group-a,3,137503187,,
2018-01-16 18:23:53 UTC, group-a,3,137246428,,
2018-01-16 20:03:50 UTC, group-a,5,137618743,,
2018-01-18 03:40:12 UTC, group-a,3,137779940,,
2018-01-18 18:52:38 UTC, group-a,5,137866660,,
2018-01-19 00:07:14 UTC, group-a,5,137893615,,
2018-01-20 00:28:46 UTC, group-a,5,138014305,,
2018-01-21 23:36:16 UTC, group-a,3,138128917,,
2018-01-22 23:08:29 UTC, group-a,3,138241280,,
2018-01-23 22:03:05 UTC, group-a,4,138368624,,
2018-01-24 08:46:19 UTC, group-a,3,138420921,,
2018-01-24 22:11:40 UTC, group-a,3,136752850,,
2018-01-27 16:43:59 UTC, group-a,3,138744482,,
2018-01-30 00:30:33 UTC, group-a,4,135278744,,
2018-01-30 21:06:03 UTC, group-a,3,139095148,,
2018-02-01 17:29:59 UTC, group-a,5,139335544,,
2018-02-02 14:33:31 UTC, group-a,3,139438140,,
2018-02-02 14:33:51 UTC, group-a,2,139435654,,
2018-02-02 14:33:51 UTC, group-a,2,139435653,,
2018-02-03 10:05:17 UTC, group-a,2,139514029,,
2018-02-03 10:05:17 UTC, group-a,2,139510665,,
2018-02-03 10:06:03 UTC, group-a,3,139510667,,
2018-02-05 18:49:39 UTC, group-a,3,139435653,,
2018-02-05 20:46:46 UTC, group-a,3,139700332,,
2018-02-06 20:41:23 UTC, group-a,3,139828490,,
2018-02-07 06:10:38 UTC, group-a,3,139879120,,
2018-02-08 00:11:00 UTC, group-a,3,139976364,,
2018-02-10 02:44:29 UTC, group-a,3,140227507,,
2018-02-14 21:53:19 UTC, group-a,3,140666982,,
2018-02-16 00:57:29 UTC, group-a,3,140820864,,
2018-02-16 00:57:50 UTC, group-a,2,140818690,,
2018-02-16 00:57:50 UTC, group-a,2,140821343,,
2018-02-16 21:12:46 UTC, group-a,3,140910181,,
2018-02-19 19:42:16 UTC, group-a,3,141125590,,
2018-02-19 20:24:39 UTC, group-a,5,141129792,,
2018-02-20 02:48:58 UTC, group-a,5,141158380,,
2018-02-20 22:26:56 UTC, group-a,5,141261368,,
2018-02-21 19:15:01 UTC, group-a,5,141371962,,
2018-02-22 05:39:56 UTC, group-a,5,141423653,,
2018-02-22 20:17:28 UTC, group-a,3,141504169,,
2018-02-23 21:28:20 UTC, group-a,3,141610858,,
2018-02-23 21:30:11 UTC, group-a,5,141624255,,
2018-02-23 22:03:43 UTC, group-a,5,141625183,,
2018-02-23 22:20:24 UTC, group-a,3,141626874,,
2018-02-23 22:21:37 UTC, group-a,3,141624196,,
2018-02-23 22:28:25 UTC, group-a,3,141625680,,
2018-02-24 17:41:12 UTC, group-a,2,141686812,,
2018-02-24 17:45:29 UTC, group-a,3,141684575,,
2018-02-26 08:50:49 UTC, group-a,2,141793305,,
2018-02-26 08:50:49 UTC, group-a,2,141783667,,
2018-03-01 06:07:20 UTC, group-a,2,142160029,,
2018-03-01 06:07:20 UTC, group-a,2,142160308,,
2018-03-01 06:07:35 UTC, group-a,3,142157145,,
2018-03-01 21:19:54 UTC, group-a,5,142247008,,
2018-03-02 01:17:43 UTC, group-a,3,142267600,,
2018-03-02 16:25:35 UTC, group-a,3,142342776,,
2018-03-05 17:12:32 UTC, group-a,3,142582184,,
2018-03-08 18:26:32 UTC, group-a,3,142999391,,
2018-03-12 21:25:34 UTC, group-a,3,143377905,,
2018-03-12 21:25:48 UTC, group-a,2,143374470,,
2018-03-12 21:25:48 UTC, group-a,2,143377907,,
2018-03-12 23:29:45 UTC, group-a,3, E035365533,,
2018-03-14 07:51:50 UTC, group-a,5,143561331,,
2018-03-14 20:08:44 UTC, group-a,2,143633977,,
2018-03-14 20:08:44 UTC, group-a,2,143634767,,
2018-03-15 19:29:53 UTC, group-a,3,143772041,,
2018-03-16 20:08:14 UTC, group-a,3,143905954,,
2018-03-21 17:11:46 UTC, group-a,4,144394445,,
2018-03-21 18:43:48 UTC, group-a,3,144403435,,
2018-03-21 22:13:05 UTC, group-a,3, E035365533,,
2018-03-22 00:38:59 UTC, group-a,5,144433897,,
2018-03-22 23:07:30 UTC, group-a,3,144564733,,
2018-03-23 15:01:24 UTC, group-a,2,144629496,,
2018-03-23 15:01:26 UTC, group-a,2,144639606,,
2018-03-26 20:50:33 UTC, group-a,3,144564733,,
2018-03-26 23:07:15 UTC, group-a,5,144922002,,
2018-03-27 18:10:39 UTC, group-a,4,145021277,,
2018-03-27 21:13:26 UTC, group-a,5,145036880,,
2018-03-27 21:37:51 UTC, group-a,3,145039539,,
2018-03-29 21:23:21 UTC, group-a,5,145296845,,
2018-03-30 22:29:34 UTC, group-a,3,145406925,,
2018-03-31 00:40:38 UTC, group-a,2,145411960,,
2018-03-31 00:45:51 UTC, group-a,3,145412257,,
2018-04-01 17:31:14 UTC, group-a,2,145506144,,
2018-04-02 17:52:33 UTC, group-a,5,145597587,,
2018-04-02 17:57:54 UTC, group-a,5,145601922,,
2018-04-02 20:35:13 UTC, group-a,3,145613455,,
2018-04-02 22:34:47 UTC, group-a,5,145621189,,
2018-04-03 16:21:02 UTC, group-a,2,145708890,,
2018-04-03 16:21:02 UTC, group-a,2,145715158,,
2018-04-03 16:48:46 UTC, group-a,4,145723512,,
2018-04-03 22:57:52 UTC, group-a,3,145756003,,
2018-04-03 23:06:22 UTC, group-a,3,145756211,,
2018-04-06 18:52:56 UTC, group-a,3,146120091,,
2018-04-07 04:41:03 UTC, group-a,3,146157548,,
2018-04-09 17:03:36 UTC, group-a,3,146357624,,
2018-04-10 08:25:50 UTC, group-a,3,146437308,,
2018-04-10 21:25:38 UTC, group-a,3,146513142,,
2018-04-10 21:33:31 UTC, group-a,3,146511893,,
2018-04-10 21:35:25 UTC, group-a,3,146511981,,
2018-04-10 21:58:25 UTC, group-a,3,146513979,,
2018-04-11 05:21:09 UTC, group-a,5,146545588,,
2018-04-11 18:26:00 UTC, group-a,3,146623655,,
2018-04-11 19:52:43 UTC, group-a,3,146633451,,
2018-04-12 00:26:52 UTC, group-a,3,146657929,,
2018-04-12 00:40:27 UTC, group-a,3,146659912,,
2018-04-12 18:52:59 UTC, group-a,3,146764547,,
2018-04-13 17:56:11 UTC, group-a,3,146877592,,
2018-04-13 21:03:47 UTC, group-a,3,146885528,,
2018-04-13 21:03:48 UTC, group-a,3,146885528,,
2018-04-13 22:44:58 UTC, group-a,3,146908807,,
2018-04-14 01:40:49 UTC, group-a,3,146918314,,
2018-04-18 19:51:45 UTC, group-a,5,147369637,,
2018-04-19 17:15:28 UTC, group-a,3,147474456,,
2018-04-19 17:15:52 UTC, group-a,2,147470689,,
2018-04-19 20:41:57 UTC, group-a,5,147494509,,
2018-04-20 23:56:37 UTC, group-a,3,147624267,,
2018-04-23 19:23:08 UTC, group-a,5,147838883,,
2018-04-24 23:10:38 UTC, group-a,3,147996030,,
2018-04-24 23:10:50 UTC, group-a,3,147995442,,
2018-04-25 02:06:31 UTC, group-a,3,148011813,,
2018-04-25 17:44:21 UTC, group-a,2,148102992,,
2018-04-25 17:44:21 UTC, group-a,2,148102991,,
2018-04-25 17:44:26 UTC, group-a,3,148101973,,
2018-04-25 23:43:46 UTC, group-a,3,148133898,,
2018-04-26 17:18:13 UTC, group-a,3,148235527,,
2018-04-26 17:18:16 UTC, group-a,3,148234833,,
2018-04-26 19:37:31 UTC, group-a,3,148246684,,
2018-04-27 07:37:54 UTC, group-a,2,148305709,,
2018-04-30 18:27:43 UTC, group-a,2,148590488,,
2018-05-01 17:02:38 UTC, group-a,3,148687428,,
2018-05-01 18:16:39 UTC, group-a,3,148695233,,
2018-05-02 09:31:55 UTC, group-a,3,148769820,,
2018-05-03 12:31:43 UTC, group-a,2,148926802,,
2018-05-03 12:32:09 UTC, group-a,3,148926803,,
2018-05-03 16:07:32 UTC, group-a,5,148802706,,
2018-05-03 19:22:38 UTC, group-a,5,148966233,,
2018-05-04 20:20:58 UTC, group-a,3,149096318,,
2018-05-08 00:11:52 UTC, group-a,3,149357827,,
2018-05-08 23:03:41 UTC, group-a,3,149483315,,
2018-05-08 23:03:41 UTC, group-a,3,149481689,,
2018-05-08 23:03:41 UTC, group-a,3,149482380,,
2018-05-08 23:04:16 UTC, group-a,3,149483316,,
2018-05-08 23:04:22 UTC, group-a,2,149481974,,
2018-05-08 23:04:26 UTC, group-a,2,149483317,,
2018-05-08 23:04:27 UTC, group-a,3,149481692,,
2018-05-08 23:05:54 UTC, group-a,3,149481980,,
2018-05-08 23:05:54 UTC, group-a,2,149484415,,
2018-05-08 23:12:34 UTC, group-a,3,149481989,,
2018-05-08 23:15:01 UTC, group-a,2,149485301,,
2018-05-08 23:16:49 UTC, group-a,3,149484434,,
2018-05-08 23:20:04 UTC, group-a,3,149485800,,
2018-05-08 23:22:48 UTC, group-a,2,149483349,,
2018-05-09 01:20:50 UTC, group-a,2,149484586,,
2018-05-09 04:59:53 UTC, group-a,3,149506478,,
2018-05-09 05:57:52 UTC, group-a,2,149513339,,
2018-05-09 10:05:38 UTC, group-a,2,149542716,,
2018-05-09 11:54:35 UTC, group-a,3,149549986,,
2018-05-09 23:25:53 UTC, group-a,3,149614295,,
2018-05-10 20:36:44 UTC, group-a,3,149650314,,
2018-05-10 20:37:52 UTC, group-a,2,149737462,,
2018-05-10 22:47:45 UTC, group-a,5,149748272,,
2018-05-11 11:44:28 UTC, group-a,3,149815144,,
2018-05-11 11:44:59 UTC, group-a,2,149810397,,
2018-05-11 11:46:49 UTC, group-a,3,149820606,,
2018-05-11 11:46:50 UTC, group-a,3,149820607,,
2018-05-12 22:24:23 UTC, group-a,2,149953488,,
2018-05-12 22:24:39 UTC, group-a,3,149953489,,
2018-05-14 20:53:56 UTC, group-a,5,146005806,,
2018-05-17 17:22:52 UTC, group-a,3,150553342,,
2018-05-17 17:42:31 UTC, group-a,3,150554978,,
2018-05-17 20:02:49 UTC, group-a,2,150569273,,
2018-05-19 14:02:55 UTC, group-a,2,150761630,,
2018-05-20 10:47:37 UTC, group-a,3,150807123,,
2018-05-20 10:52:22 UTC, group-a,3,150805166,,
2018-05-20 11:48:37 UTC, group-a,3,150809717,,
2018-05-21 23:13:31 UTC, group-a,3,150686846,,
2018-05-22 00:11:52 UTC, group-a,3,150953533,,
2018-05-22 02:32:33 UTC, group-a,3,150962689,,
2018-05-22 16:15:33 UTC, group-a,5,151043054,,
2018-05-22 16:38:36 UTC, group-a,3,147883503,,
2018-05-22 17:46:47 UTC, group-a,2,151055616,,
2018-05-22 17:48:09 UTC, group-a,2,151054918,,
2018-05-22 21:15:32 UTC, group-a,3,146657929,,
2018-05-23 21:03:37 UTC, group-a,3,151201076,,
2018-05-24 07:41:26 UTC, group-a,5,151253869,,
2018-05-24 17:59:59 UTC, group-a,5,151323111,,
2018-05-24 18:01:00 UTC, group-a,5,151323314,,
2018-05-24 19:31:21 UTC, group-a,3,151329349,,
2018-05-24 23:52:00 UTC, group-a,3,151347643,,
2018-05-25 00:14:07 UTC, group-a,3,150962689,,
2018-05-25 00:17:43 UTC, group-a,3,151353029,,
2018-05-25 01:06:44 UTC, group-a,3,151354053,,
2018-05-25 03:02:38 UTC, group-a,3,151360277,,
2018-05-25 17:18:17 UTC, group-a,3,151441828,,
2018-05-29 15:38:23 UTC, group-a,3,151760179,,
2018-05-29 19:22:00 UTC, group-a,5,151791445,,
2018-05-30 17:18:17 UTC, group-a,3,151909890,,
2018-05-30 20:17:05 UTC, group-a,4, E037320051,,
2018-06-01 19:05:12 UTC, group-a,5,152191877,,
2018-06-01 19:07:05 UTC, group-a,5,152193067,,
2018-06-02 00:05:56 UTC, group-a,3,150705749,,
2018-06-02 20:53:53 UTC, group-a,3,152276930,,
2018-06-04 22:26:51 UTC, group-a,3,152452848,,
2018-06-05 23:47:41 UTC, group-a,3, E037320051,,
2018-06-06 05:30:02 UTC, group-a,3,152629317,,
2018-06-06 22:11:27 UTC, group-a,3,152728788,,
2018-06-07 05:43:37 UTC, group-a,3,152762374,,
2018-06-07 23:06:10 UTC, group-a,3,152870864,,
2018-06-08 17:33:42 UTC, group-a,3,152551379,,
2018-06-09 17:18:32 UTC, group-a,3,153045677,,
2018-06-11 15:58:24 UTC, group-a,5,152193067,,
2018-06-11 21:35:40 UTC, group-a,3,146657929,,
2018-06-11 23:17:54 UTC, group-a,3,153240238,,
2018-06-12 00:21:09 UTC, group-a,3,149650314,,
2018-06-12 05:31:39 UTC, group-a,3,153262680,,
2018-06-12 17:40:35 UTC, group-a,2,152551379,,
2018-06-13 21:45:49 UTC, group-a,3,153502200,,
2018-06-14 02:02:52 UTC, group-a,3,153518487,,
2018-06-14 18:37:00 UTC, group-a,3,153607805,,
2018-06-15 22:03:34 UTC, group-a,4,153583686,,
2018-06-18 18:50:18 UTC, group-a,5,153972790,,
2018-06-19 18:31:19 UTC, group-a,3,154108095,,
2018-06-19 20:05:42 UTC, group-a,5,154119422,,
2018-06-20 00:09:35 UTC, group-a,3,154137589,,
2018-06-20 21:01:30 UTC, group-a,4,154261845,,
2018-06-20 23:24:06 UTC, group-a,5,154273152,,
2018-06-22 20:04:32 UTC, group-a,3,154518539,,
2018-06-22 22:40:45 UTC, group-a,3,154527593,,
2018-06-24 06:52:32 UTC, group-a,3, E038065040,,
2018-06-25 17:58:51 UTC, group-a,3,153518487,,
2018-06-26 15:16:19 UTC, group-a,3,154858677,,
2018-06-26 20:46:15 UTC, group-a,3,154894768,,
2018-06-26 23:08:36 UTC, group-a,4,154906935,,
2018-06-27 06:13:17 UTC, group-a,3,154935391,,
2018-06-27 08:33:22 UTC, group-a,3,154952368,,
2018-06-27 10:00:36 UTC, group-a,3,154957591,,
2018-06-27 10:00:46 UTC, group-a,2,154959296,,
2018-06-27 11:09:54 UTC, group-a,3, E038053370,,
2018-06-27 18:08:17 UTC, group-a,3,155012969,,
2018-06-27 22:41:33 UTC, group-a,3,155039112,,
2018-06-28 03:06:26 UTC, group-a,3,155055741,,
2018-06-28 04:57:13 UTC, group-a,3,155065315,,
2018-06-28 21:37:50 UTC, group-a,3,155165922,,
2018-06-28 22:29:18 UTC, group-a,3,155169755,,
2018-06-29 11:31:34 UTC, group-a,3,155232188,,
2018-07-01 01:48:40 UTC, group-a,3,155369410,,
2018-07-01 02:49:09 UTC, group-a,3,155368675,,
2018-07-01 21:06:51 UTC, group-a,3,155413868,,
2018-07-02 18:06:32 UTC, group-a,3,155514544,,
2018-07-04 05:00:04 UTC, group-a,5,155695166,,
2018-07-05 12:22:36 UTC, group-a,3,155857438,,
2018-07-05 19:19:58 UTC, group-a,2,155889650,,
2018-07-06 18:18:10 UTC, group-a,3,156019751,,
2018-07-07 22:06:03 UTC, group-a,3,156107993,,
2018-07-09 11:04:13 UTC, group-a,3,155369410,,
2018-07-09 11:05:36 UTC, group-a,3,155368675,,
2018-07-09 12:04:54 UTC, group-a,3,156224248,,
2018-07-10 15:03:56 UTC, group-g,5,156378334,,
2018-07-10 22:37:30 UTC, group-a,3,156421637,,
2018-07-10 22:37:55 UTC, group-a,2,156422410,,
2018-07-10 23:45:41 UTC, group-a,2,156425647,,
2018-07-10 23:45:46 UTC, group-a,3,156425253,,
2018-07-12 16:58:50 UTC, group-a,5,156663602,,
2018-07-12 20:44:47 UTC, group-a,3,156681367,,
2018-07-12 22:56:30 UTC, group-a,5,156689090,,
2018-07-13 05:26:10 UTC, group-a,3,156720854,,
2018-07-13 16:34:36 UTC, group-a,3,156782492,,
2018-07-13 19:36:33 UTC, group-a,2,156806011,,
2018-07-13 21:36:46 UTC, group-a,3,156812363,,
2018-07-16 02:40:34 UTC, group-a,3,156961949,,
2018-07-16 17:27:05 UTC, group-a,3,155676335,,
2018-07-16 19:30:06 UTC, group-a,3,157067393,,
2018-07-16 19:30:46 UTC, group-a,2,157067797,,
2018-07-17 11:43:01 UTC, group-a,2,157154305,,
2018-07-17 18:39:20 UTC, group-a,3,157197812,,
2018-07-18 16:47:04 UTC, group-a,3,157321410,,
2018-07-18 21:49:34 UTC, group-a,3,157348367,,
2018-07-23 06:47:04 UTC, group-a,3,157768209,,
2018-07-23 17:16:45 UTC, group-a,2,157839523,,
2018-07-23 19:42:25 UTC, group-a,3,157853532,,
2018-07-23 19:47:55 UTC, group-a,3,157853953,,
2018-07-24 19:52:51 UTC, group-a,5,157990825,,
2018-07-25 00:15:48 UTC, group-a,3,158010966,,
2018-07-25 00:23:51 UTC, group-a,3,158007186,,
2018-07-25 05:02:31 UTC, group-a,3,158032319,,
2018-07-25 20:30:15 UTC, group-a,3,158125761,,
2018-07-25 21:27:02 UTC, group-a,2,158131901,,
2018-07-26 07:46:29 UTC, group-a,3,158179791,,
2018-07-26 07:47:04 UTC, group-a,2,158181423,,
2018-07-26 12:57:29 UTC, group-a,3,158213817,,
2018-07-26 17:30:09 UTC, group-a,3,158242965,,
2018-07-26 17:30:09 UTC, group-a,3,158242964,,
2018-07-26 17:30:10 UTC, group-a,3,158244931,,
2018-07-26 17:30:14 UTC, group-a,2,158242966,,
2018-07-26 17:30:15 UTC, group-a,2,158244933,,
2018-07-26 17:57:07 UTC, group-a,3,158248418,,
2018-07-26 18:38:08 UTC, group-a,3,158254064,,
2018-07-26 19:11:54 UTC, group-g,5,158257650,,
2018-07-26 22:08:30 UTC, group-a,3,158272668,,
2018-07-26 22:21:13 UTC, group-a,3,158275706,,
2018-07-26 23:15:29 UTC, group-a,3,158276564,,
2018-07-27 02:39:22 UTC, group-a,2,158291762,,
2018-07-27 02:39:22 UTC, group-a,2,158291883,,
2018-07-27 02:39:32 UTC, group-a,3,158291192,,
2018-07-27 02:39:43 UTC, group-a,3,158292534,,
2018-07-27 02:43:01 UTC, group-a,2,158291772,,
2018-07-27 06:02:01 UTC, group-a,3,158306650,,
2018-07-27 09:36:30 UTC, group-a,3,158331517,,
2018-07-27 09:37:06 UTC, group-a,2,158326158,,
2018-07-29 05:57:18 UTC, group-a,3,158492111,,
2018-07-29 18:51:31 UTC, group-a,3,158521470,,
2018-07-30 13:48:05 UTC, group-a,3,158604422,,
2018-07-30 13:49:19 UTC, group-a,2,158602362,,
2018-07-30 13:49:19 UTC, group-a,2,158603450,,
2018-07-30 13:49:24 UTC, group-a,3,158604614,,
2018-07-30 13:51:10 UTC, group-a,2,158604648,,
2018-07-30 18:33:13 UTC, group-a,3,158632380,,
2018-07-31 04:01:22 UTC, group-a,3,158676376,,
2018-08-01 22:24:30 UTC, group-a,3,158928786,,
2018-08-03 17:37:32 UTC, group-a,3,159186476,,
2018-08-03 18:31:54 UTC, group-a,3,157321410,,
2018-08-04 03:59:35 UTC, group-a,3,159230349,,
2018-08-06 11:53:02 UTC, group-z,3,158516416,,
2018-08-06 23:53:46 UTC, group-a,3,159470308,,
2018-08-07 04:07:12 UTC, group-a,3,159487159,,
2018-08-07 14:43:26 UTC, group-g,3,159556075,,
2018-08-09 13:29:11 UTC, group-a,3,159815258,,
2018-08-09 17:17:32 UTC, group-a,3,159842316,,
2018-08-11 11:47:49 UTC, group-a,3,160044962,,
2018-08-11 15:17:37 UTC, group-a,3,160059629,,
2018-08-11 15:17:47 UTC, group-a,2,160059051,,
2018-08-12 01:21:26 UTC, group-a,3,160087600,,
2018-08-13 06:06:25 UTC, group-a,3,160163639,,
2018-08-13 19:29:21 UTC, group-a,4,160242971,,
2018-08-14 00:27:03 UTC, group-a,3,160268776,,
2018-08-14 05:41:13 UTC, group-a,3,160294414,,
2018-08-14 07:03:25 UTC, group-a,3,160300931,,
2018-08-14 18:12:07 UTC, group-a,3,160372548,,
2018-08-15 00:32:11 UTC, group-a,5,160404235,,
2018-08-15 18:51:58 UTC, group-a,3,160490037,,
2018-08-15 19:57:46 UTC, group-a,3,160496515,,
2018-08-15 21:35:58 UTC, group-a,5,160499399,,
2018-08-16 20:36:38 UTC, group-a,3,160628421,,
2018-08-17 10:45:39 UTC, group-a,4, E039435448,,
2018-08-17 14:53:58 UTC, group-a,4, E039446102,,
2018-08-17 19:29:24 UTC, group-a,3,160748238,,
2018-08-17 19:29:35 UTC, group-a,3,160746095,,
2018-08-17 19:30:00 UTC, group-a,2,160746097,,
2018-08-17 19:30:00 UTC, group-a,2,160748640,,
2018-08-17 21:22:08 UTC, group-a,3,160760407,,
2018-08-19 22:03:27 UTC, group-a,3,160888983,,
2018-08-20 15:30:48 UTC, group-a,3,160976405,,
2018-08-20 18:02:36 UTC, group-a,3,160988098,,
2018-08-20 18:02:47 UTC, group-a,2,160991824,,
2018-08-20 18:02:47 UTC, group-a,2,160987099,,
2018-08-21 19:17:25 UTC, group-a,4, E039527549,,
2018-08-21 20:29:31 UTC, group-a,2, E039544512,,
2018-08-22 01:22:02 UTC, group-a,3,159815258,,
2018-08-22 17:54:26 UTC, group-g,5,161257534,,
2018-08-22 19:25:06 UTC, group-a,3,161263780,,
2018-08-23 07:42:01 UTC, group-a,3,161324869,,
2018-08-23 16:04:21 UTC, group-a,4, E039575099,,
2018-08-24 14:48:22 UTC, group-g,4,161499250,,
2018-08-26 20:50:32 UTC, group-a,2,161666521,,
2018-08-27 00:43:36 UTC, group-a,3,161673893,,
2018-08-27 16:08:32 UTC, group-a,3,161751977,,
2018-08-27 18:20:53 UTC, group-a,2,161766734,,
2018-08-28 16:03:00 UTC, group-a,3,161894952,,
2018-08-28 19:28:47 UTC, group-a,3,161921302,,
2018-08-29 16:04:36 UTC, group-a,5,161887545,,
2018-08-29 17:18:24 UTC, group-a,3,162041054,,
2018-08-30 15:39:32 UTC, group-g,3, E039784913,,
2018-08-30 22:25:04 UTC, group-a,3,162203571,,
2018-08-30 22:26:04 UTC, group-a,2,162204723,,
2018-09-01 08:56:06 UTC, group-a,3,162360596,,
2018-09-03 23:37:37 UTC, group-a,3,162561559,,
2018-09-05 14:41:20 UTC, group-a,2,162782798,,
2018-09-05 14:41:25 UTC, group-a,3,162786662,,
2018-09-05 14:41:32 UTC, group-a,3,162788405,,
2018-09-06 22:16:08 UTC, group-a,3,162976203,,
2018-09-07 00:44:59 UTC, group-a,3,162986302,,
2018-09-07 18:31:42 UTC, group-a,5,163079861,,
2018-09-08 12:22:33 UTC, group-a,3,163144947,,
2018-09-09 04:13:34 UTC, group-a,3,163179395,,
2018-09-09 09:42:05 UTC, group-a,3,163198419,,
2018-09-10 05:47:14 UTC, group-a,5,163251218,,
2018-09-11 16:50:15 UTC, group-a,3,163456937,,
2018-09-11 17:18:05 UTC, group-a,3,163458547,,
2018-09-11 18:25:37 UTC, group-a,3,163463874,,
2018-09-11 18:25:43 UTC, group-a,2,163467122,,
2018-09-11 18:30:36 UTC, group-a,2,163467129,,
2018-09-11 18:30:57 UTC, group-a,3,163465549,,
2018-09-11 21:23:56 UTC, group-a,2,163483240,,
2018-09-11 21:23:57 UTC, group-a,3,163481183,,
2018-09-12 22:18:27 UTC, group-a,3,163627083,,
2018-09-12 22:18:33 UTC, group-a,3,163626492,,
2018-09-12 22:20:41 UTC, group-a,2,163626497,,
2018-09-13 15:45:21 UTC, group-a,3,163720555,,
2018-09-14 17:54:02 UTC, group-a,2,163857310,,
2018-09-14 17:54:24 UTC, group-a,3,163857311,,
2018-09-14 20:11:20 UTC, group-a,3,163868828,,
2018-09-15 01:21:37 UTC, group-a,3,159815258,,
2018-09-15 04:46:15 UTC, group-a,2,163897831,,
2018-09-16 00:21:26 UTC, group-a,3,159815258,,
2018-09-16 16:05:11 UTC, group-z,3,163984263,,
2018-09-17 07:49:46 UTC, group-a,5,164035319,,
2018-09-17 18:41:33 UTC, group-a,3,164101252,,
2018-09-17 19:53:06 UTC, group-a,3, E040158143,,
2018-09-17 20:13:58 UTC, group-a,3, E040188609,,
2018-09-18 16:33:19 UTC, group-a,2,164219378,,
2018-09-18 16:33:32 UTC, group-a,3,164224300,,
2018-09-19 21:54:48 UTC, group-a,3,164385612,,
2018-09-19 22:16:06 UTC, group-a,3,164385659,,
2018-09-21 20:56:24 UTC, group-a,3,164642145,,
2018-09-22 08:48:08 UTC, group-a,3,164680856,,
2018-09-23 02:04:37 UTC, group-a,3,164729038,,
2018-09-24 16:49:40 UTC, group-a,5,164852381,,
2018-09-24 18:30:27 UTC, group-a,2,164864212,,
2018-09-24 19:27:08 UTC, group-a,3,164865380,,
2018-09-25 18:55:20 UTC, group-a,5,164996114,,
2018-09-25 19:57:50 UTC, group-a,3,164998571,,
2018-09-25 20:12:00 UTC, group-a,3,164999695,,
2018-09-26 07:17:33 UTC, group-a,3,165055673,,
2018-09-26 07:21:19 UTC, group-a,2,165058410,,
2018-09-26 17:18:37 UTC, group-a,3,165120987,,
2018-09-26 18:43:03 UTC, group-a,2,165135328,,
2018-09-26 21:12:53 UTC, group-a,3,165148191,,
2018-09-26 21:14:57 UTC, group-a,3,165149745,,
2018-09-27 00:00:33 UTC, group-a,3,165167531,,
2018-09-27 00:02:47 UTC, group-a,2,165168809,,
2018-09-27 18:03:32 UTC, group-a,3,165278701,,
2018-09-27 21:57:52 UTC, group-a,3,165299610,,
2018-09-28 19:24:02 UTC, group-a,5,165419274,,
2018-09-30 02:11:33 UTC, group-a,3,165521111,,
2018-10-01 05:27:44 UTC, group-a,3,165389543,,
2018-10-01 19:16:23 UTC, group-a,3,165676903,,
2018-10-01 19:17:05 UTC, group-a,3,165672770,,
2018-10-01 22:00:44 UTC, group-a,2,165691025,,
2018-10-02 23:36:58 UTC, group-a,3,165813173,,
2018-10-03 17:19:23 UTC, group-a,3,165906871,,
2018-10-03 20:18:34 UTC, group-a,3, E040683034,,
2018-10-04 11:52:00 UTC, group-a,3,166008511,,
2018-10-04 17:25:08 UTC, group-a,3,166038375,,
2018-10-04 22:23:15 UTC, group-a,3,166074440,,
2018-10-07 10:21:08 UTC, group-a,3,166308531,,
2018-10-08 21:28:08 UTC, group-a,3,165793043,,
2018-10-08 21:29:45 UTC, group-a,3,165784365,,
2018-10-08 23:12:11 UTC, group-a,3,166466928,,
2018-10-09 07:12:07 UTC, group-a,3,166505778,,
2018-10-09 19:41:13 UTC, group-a,3,166592525,,
2018-10-10 01:50:21 UTC, group-a,3,166621149,,
2018-10-10 02:13:02 UTC, group-a,3, E040867244,,
2018-10-10 03:41:28 UTC, group-a,3,166626885,,
2018-10-10 04:15:33 UTC, group-a,3, E040871991,,
2018-10-10 04:30:45 UTC, group-a,3,166632754,,
2018-10-10 18:56:17 UTC, group-a,3,166728921,,
2018-10-11 19:29:50 UTC, group-a,5,166870751,,
2018-10-11 21:21:48 UTC, group-a,3,166881470,,
2018-10-11 23:59:22 UTC, group-a,3,166894070,,
2018-10-12 00:49:46 UTC, group-a,5,166900422,,
2018-10-12 00:49:46 UTC, group-a,5,166898950,,
2018-10-12 00:49:47 UTC, group-a,5,166896191,,
2018-10-12 02:25:36 UTC, group-a,3,166907064,,
2018-10-12 02:57:44 UTC, group-a,5,166908857,,
2018-10-12 05:39:28 UTC, group-a,3,166919770,,
2018-10-12 21:14:48 UTC, group-a,5,167016494,,
2018-10-12 21:29:48 UTC, group-a,5,167016494,,
2018-10-13 07:55:08 UTC, group-a,3,167055853,,
2018-10-13 10:59:31 UTC, group-a,3,167066273,,
2018-10-13 23:21:35 UTC, group-a,3,167105806,,
2018-10-15 13:24:35 UTC, group-a,3,167230843,,
2018-10-15 13:26:41 UTC, group-a,2,167230765,,
2018-10-15 13:32:20 UTC, group-a,2,167229289,,
2018-10-15 13:32:25 UTC, group-a,3,167229290,,
2018-10-15 15:13:09 UTC, group-a,3,167236696,,
2018-10-15 19:58:10 UTC, group-a,3,167277303,,
2018-10-15 22:23:03 UTC, group-a,3,167286490,,
2018-10-16 01:07:42 UTC, group-a,3,167299462,,
2018-10-16 01:21:50 UTC, group-a,5,167303203,,
2018-10-16 17:10:57 UTC, group-a,3,167399677,,
2018-10-16 21:52:27 UTC, group-a,3,167429333,,
2018-10-16 22:30:17 UTC, group-a,3,167435125,,
2018-10-17 13:38:49 UTC, group-a,3,167523916,,
2018-10-17 16:51:05 UTC, group-a,3,167545224,,
2018-10-17 16:55:01 UTC, group-a,2,167541889,,
2018-10-17 17:54:50 UTC, group-a,3, E041084222,,
2018-10-17 18:32:04 UTC, group-a,3,167560749,,
2018-10-17 18:32:05 UTC, group-a,3,167560944,,
2018-10-17 18:32:10 UTC, group-a,3,167560755,,
2018-10-17 22:01:19 UTC, group-a,3,167585270,,
2018-10-17 22:57:45 UTC, group-a,3,167591073,,
2018-10-18 06:30:19 UTC, group-a,3,167626287,,
2018-10-18 06:42:26 UTC, group-a,3,167631235,,
2018-10-18 17:03:28 UTC, group-a,3,167698853,,
2018-10-18 19:23:43 UTC, group-a,2,167713075,,
2018-10-18 19:23:53 UTC, group-a,3,167714444,,
2018-10-18 22:36:02 UTC, group-a,3,167732846,,
2018-10-18 22:51:37 UTC, group-a,3,167731567,,
2018-10-19 00:16:31 UTC, group-a,5,167740249,,
2018-10-19 14:00:58 UTC, group-a,3,167816727,,
2018-10-19 14:02:18 UTC, group-a,3,167813572,,
2018-10-19 14:04:42 UTC, group-a,3,167816730,,
2018-10-19 14:14:27 UTC, group-a,3,167818332,,
2018-10-19 21:32:30 UTC, group-a,5,167863956,,
2018-10-19 22:51:21 UTC, group-a,3,167872024,,
2018-10-21 02:37:34 UTC, group-a,3,167961021,,
2018-10-21 07:50:07 UTC, group-a,3,167973343,,
2018-10-22 17:46:24 UTC, group-a,3,168114721,,
2018-10-22 17:50:00 UTC, group-a,4,168116205,,
2018-10-23 12:11:48 UTC, group-a,4,168220373,,
2018-10-23 18:27:41 UTC, group-a,5,168272531,,
2018-10-23 23:04:02 UTC, group-a,3,168298488,,
2018-10-24 15:55:34 UTC, group-a,3,168408665,,
2018-10-24 21:56:25 UTC, group-a,3,168452504,,
2018-10-25 02:37:35 UTC, group-a,3, E040871991,,
2018-10-25 04:45:06 UTC, group-a,3, E041326075,,
2018-10-25 20:50:23 UTC, group-a,4,168595975,,
2018-10-26 21:36:53 UTC, group-a,5,168747437,,
2018-10-26 21:43:44 UTC, group-a,5,168745896,,
2018-10-26 23:10:13 UTC, group-a,5,168753898,,
2018-10-26 23:47:17 UTC, group-a,5,168757264,,
2018-10-27 11:00:21 UTC, group-a,2,168798197,,
2018-10-27 16:35:45 UTC, group-a,3,168824631,,
2018-10-27 17:18:36 UTC, group-a,3,168827929,,
2018-10-27 17:18:47 UTC, group-a,3,168828118,,
2018-10-27 17:18:58 UTC, group-a,3,168827730,,
2018-10-29 03:24:51 UTC, group-a,3,168919549,,
2018-10-29 08:42:33 UTC, group-a,3,168943092,,
2018-10-29 16:35:23 UTC, group-a,2,169003262,,
2018-10-29 17:43:03 UTC, group-a,3,169014452,,
2018-10-29 17:52:04 UTC, group-a,2,169013880,,
2018-10-29 18:50:25 UTC, group-a,3,169021264,,
2018-10-29 21:50:24 UTC, group-a,3,169041731,,
2018-10-29 22:06:26 UTC, group-a,3,169040595,,
2018-10-29 23:49:57 UTC, group-a,2,169049872,,
2018-10-30 01:16:04 UTC, group-a,3,169057739,,
2018-10-30 19:48:31 UTC, group-a,2,169174759,,
2018-10-30 19:48:32 UTC, group-a,3,169173576,,
2018-10-30 20:39:06 UTC, group-a,3,169181250,,
2018-10-31 13:33:44 UTC, group-a,3,169281524,,
2018-10-31 16:16:02 UTC, group-a,3,169040595,,
2018-10-31 16:16:02 UTC, group-a,3,169040595,,
2018-10-31 18:16:23 UTC, group-a,2,169313966,,
2018-10-31 21:01:09 UTC, group-a,3,169333220,,
2018-10-31 22:19:18 UTC, group-a,3, E041149134,,
2018-10-31 22:23:46 UTC, group-a,5,169341409,,
2018-11-01 23:08:22 UTC, group-a,3,169484535,,
2018-11-05 16:38:54 UTC, group-a,3,169833379,,
2018-11-05 22:18:13 UTC, group-a,4,169876900,,
2018-11-06 02:21:30 UTC, group-a,3,169897801,,
2018-11-07 03:12:26 UTC, group-a,2,170043489,,
2018-11-07 03:12:58 UTC, group-a,3,170043490,,
2018-11-07 07:32:24 UTC, group-a,3,170066170,,
2018-11-07 15:32:58 UTC, group-a,4,170117515,,
2018-11-08 03:53:31 UTC, group-a,2,170188078,,
2018-11-08 22:55:18 UTC, group-a,3,170307924,,
2018-11-08 23:18:25 UTC, group-a,3,170309341,,
2018-11-10 03:39:24 UTC, group-a,3,170464772,,
2018-11-10 17:20:12 UTC, group-a,3,170515754,,
2018-11-13 16:11:42 UTC, group-a,3,170831195,,
2018-11-13 16:49:51 UTC, group-a,2,170834244,,
2018-11-13 19:36:44 UTC, group-a,3,170855448,,
2018-11-13 22:37:03 UTC, group-a,3,170875500,,
2018-11-13 23:18:25 UTC, group-a,5,170875877,,
2018-11-14 04:28:18 UTC, group-a,3,170855448,,
2018-11-15 17:43:30 UTC, group-a,3,171156303,,
2018-11-15 19:17:29 UTC, group-a,3,171163095,,
2018-11-15 23:59:56 UTC, group-a,3,171195541,,
2018-11-16 03:45:27 UTC, group-a,3,171212884,,
2018-11-16 19:06:00 UTC, group-a,3,171277234,,
2018-11-16 20:39:28 UTC, group-a,5,171324559,,
2018-11-16 23:56:11 UTC, group-a,2,171342127,,
2018-11-17 00:51:46 UTC, group-a,3,171268562,,
2018-11-17 01:35:53 UTC, group-a,3,171348853,,
2018-11-17 01:54:06 UTC, group-a,3,171348888,,
2018-11-17 05:41:29 UTC, group-a,4,171365924,,
2018-11-17 06:12:32 UTC, group-a,2,171368511,,
2018-11-17 06:36:32 UTC, group-a,3,171366377,,
2018-11-17 08:40:43 UTC, group-a,2,171372597,,
2018-11-17 08:41:10 UTC, group-a,3,171375389,,
2018-11-17 16:04:13 UTC, group-a,3,171407245,,
2018-11-17 16:40:37 UTC, group-a,2,171408154,,
2018-11-19 09:20:23 UTC, group-a,3,171538635,,
2018-11-19 17:05:36 UTC, group-a,2,171588869,,
2018-11-19 18:25:26 UTC, group-a,2,171602447,,
2018-11-20 01:14:05 UTC, group-a,3,171647773,,
2018-11-20 03:45:37 UTC, group-a,3,171664611,,
2018-11-20 03:45:41 UTC, group-a,3,171658395,,
2018-11-20 07:50:17 UTC, group-a,3,171680683,,
2018-11-20 21:10:43 UTC, group-a,3,171779088,,
2018-11-21 15:43:30 UTC, group-a,3,171897157,,
2018-11-21 19:52:10 UTC, group-a,3,171924361,,
2018-11-21 20:28:16 UTC, group-a,3,171929729,,
2018-11-22 01:36:35 UTC, group-a,3,171962120,,
2018-11-22 03:20:17 UTC, group-a,3,171972210,,
2018-11-22 03:20:35 UTC, group-a,3,171968857,,
2018-11-22 03:20:41 UTC, group-a,3,171968858,,
2018-11-26 06:57:07 UTC, group-a,3,172368669,,
2018-11-26 18:43:37 UTC, group-a,3,172454004,,
2018-11-26 21:21:12 UTC, group-a,3,172465992,,
2018-11-27 19:43:35 UTC, group-a,3,172601281,,
2018-11-27 20:41:22 UTC, group-a,3,172611463,,
2018-11-27 21:40:52 UTC, group-a,4,172616465,,
2018-11-28 16:03:20 UTC, group-a,3,172725152,,
2018-11-28 18:10:15 UTC, group-a,3,172743631,,
2018-11-28 18:10:17 UTC, group-a,3,172743633,,
2018-11-28 18:10:31 UTC, group-a,3,172745015,,
2018-11-28 18:32:34 UTC, group-a,3,172743671,,
2018-11-28 19:51:54 UTC, group-a,3,172750585,,
2018-11-28 23:35:49 UTC, group-a,3,172777528,,
2018-11-29 00:12:33 UTC, group-a,3,172780135,,
2018-11-29 20:36:18 UTC, group-a,5,172906034,,
2018-11-29 21:27:52 UTC, group-a,4,172913322,,
2018-11-29 22:31:43 UTC, group-a,3,172918047,,
2018-11-30 01:40:53 UTC, group-a,3,172935434,,
2018-11-30 05:46:32 UTC, group-a,3,172953987,,
2018-11-30 07:47:25 UTC, group-a,3,172967967,,
2018-11-30 20:37:21 UTC, group-a,3,173053348,,
2018-11-30 21:45:04 UTC, group-a,3,173059335,,
2018-12-03 13:21:18 UTC, group-a,3,173301238,,
2018-12-03 14:38:13 UTC, group-a,3,173311324,,
2018-12-03 16:00:37 UTC, group-a,3,173318263,,
2018-12-03 17:54:16 UTC, group-a,4,173333958,,
2018-12-03 21:48:19 UTC, group-a,3,170154756,,
2018-12-04 16:50:24 UTC, group-a,5,173483088,,
2018-12-04 17:40:55 UTC, group-a,3,173491826,,
2018-12-04 17:51:31 UTC, group-a,2,173491542,,
2018-12-04 23:27:39 UTC, group-a,3,173529121,,
2018-12-04 23:36:55 UTC, group-a,5,173525690,,
2018-12-06 16:09:39 UTC, group-a,5,173786023,,
2018-12-06 23:34:41 UTC, group-a,4,173826994,,
2018-12-07 19:02:17 UTC, group-a,2,173950043,,
2018-12-09 16:04:01 UTC, group-a,3,174107119,,
2018-12-10 15:56:15 UTC, group-a,3,174216472,,
2018-12-10 16:29:06 UTC, group-a,5,174224417,,
2018-12-10 17:25:07 UTC, group-a,3,174228572,,
2018-12-10 17:37:24 UTC, group-a,2,174229545,,
2018-12-10 18:07:03 UTC, group-a,3,174233131,,
2018-12-10 22:54:31 UTC, group-a,5,174263254,,
2018-12-10 23:49:30 UTC, group-a,3,174107117,,
2018-12-11 01:36:02 UTC, group-a,3,174276477,,
2018-12-11 02:24:42 UTC, group-a,3,174282826,,
2018-12-11 02:25:15 UTC, group-a,2,174281348,,
2018-12-11 09:52:25 UTC, group-a,3,174327633,,
2018-12-11 18:32:11 UTC, group-a,3,174396326,,
2018-12-11 18:37:50 UTC, group-a,5,174397536,,
2018-12-11 23:47:53 UTC, group-a,3,174429634,,
2018-12-12 02:21:39 UTC, group-a,3,174443424,,
2018-12-12 07:59:08 UTC, group-a,3,174476579,,
2018-12-12 08:40:12 UTC, group-a,3,174478369,,
2018-12-13 18:04:58 UTC, group-a,2,174697082,,
2018-12-13 20:58:26 UTC, group-a,4,174714658,,
2018-12-13 23:34:08 UTC, group-a,2,174729057,,
2018-12-13 23:50:28 UTC, group-a,3,174429634,,
2018-12-14 09:39:31 UTC, group-a,3,174788711,,
2018-12-14 09:42:20 UTC, group-a,3,174788718,,
2018-12-14 22:21:26 UTC, group-a,3,174443424,,
2018-12-17 16:23:31 UTC, group-a,3,174429634,,
2018-12-18 17:53:21 UTC, group-a,3,175266068,,
2018-12-18 20:29:26 UTC, group-a,3,175285114,,
2018-12-19 00:30:20 UTC, group-a,4,175304754,,
2018-12-19 01:52:54 UTC, group-a,3,175266068,,
2018-12-19 15:11:35 UTC, group-a,3,175388874,,
2018-12-20 23:20:06 UTC, group-a,2,175584956,,
2018-12-22 15:28:19 UTC, group-a,2,175785994,,
2018-12-24 10:25:31 UTC, group-a,3,175912466,,
2018-12-24 18:36:58 UTC, group-a,5,175945553,,
2018-12-25 14:29:18 UTC, group-a,2,176004108,,
2018-12-27 22:33:40 UTC, group-a,5,176191859,,
2018-12-28 19:38:14 UTC, group-a,5,176312855,,
2018-12-31 17:44:20 UTC, group-a,3,176536374,,
2018-12-31 21:16:21 UTC, group-a,3,176551921,,
2019-01-01 21:36:46 UTC, group-a,3,176606198,,
2019-01-02 12:36:00 UTC, group-a,3,176661766,,
2019-01-02 12:36:45 UTC, group-a,3,176660896,,
2019-01-02 19:29:34 UTC, group-a,3,176706605,,
2019-01-02 19:29:34 UTC, group-a,3, 9dba7548-c18f-4fe4-a379-a6d9f85dc7ac,,
2019-01-03 02:20:13 UTC, group-a,4,176750159,,
2019-01-03 18:17:23 UTC, group-a,4,176842167,,
2019-01-04 18:52:17 UTC, group-a,3,176975176,,
2019-01-07 23:12:19 UTC, group-a,3,177267330,,
2019-01-09 13:33:15 UTC, group-a,3,177479791,,
2019-01-10 00:11:49 UTC, group-a,3,177547356,,
2019-01-10 15:53:50 UTC, group-a,3,177641852,,
2019-01-11 02:57:53 UTC, group-a,3,177700782,,
2019-01-12 01:02:05 UTC, group-a,3,177842819,,
2019-01-16 01:01:17 UTC, group-a,3,178230009,,
2019-01-16 22:49:21 UTC, group-a,4,178365914,,
2019-01-17 06:23:23 UTC, group-a,3,178401580,,
2019-01-18 19:56:13 UTC, group-a,3,178626019,,
2019-01-19 00:02:59 UTC, group-a,3,178645040,,
2019-01-19 21:50:59 UTC, group-a,3,178719229,,
2019-01-21 19:55:57 UTC, group-a,3, 83c5bdbd-9e64-4d88-85cf-b9abd4a0c4c3,,
2019-01-21 20:11:53 UTC, group-a,3, 8611865a-f39e-49ec-80be-e2a6bb2f49c0,,
2019-01-22 00:04:03 UTC, group-a,3, bf21dc53-f273-4f7a-ab8d-f05999cce64f,,
2019-01-22 00:30:35 UTC, group-a,3, 461bc094-6a9b-4712-93b3-1d4de8f69653,,
2019-01-22 09:11:08 UTC, group-a,4, b73ccad3-afce-40ae-8abb-7ac3367f286a,,
2019-01-23 02:19:12 UTC, group-a,3, f3ab2968-79a5-4de2-bab5-80c7627dad4d,,
2019-01-23 05:11:48 UTC, group-a,4, efba7bf2-58ee-4357-8e47-2e32cbef0cc2,,
2019-01-23 14:19:55 UTC, group-a,3, a43d7f7e-b50b-499f-aaf1-e115473a4904,,
2019-01-23 19:00:44 UTC, group-a,4, ed65bc51-46ea-485e-9e4c-e3c55a6a299f,,
2019-01-24 00:11:27 UTC, group-a,3, 784ca2a4-ca43-4c90-9e01-93db29a516e4,,
2019-01-24 01:55:48 UTC, group-a,3, 9dcf0d3d-7efa-4695-b0e1-2ddc138d2437,,
2019-01-24 20:14:24 UTC, group-a,3, 8915563a-b45c-4488-ad7b-6ceef533959e,,
2019-01-25 04:40:59 UTC, group-a,3, a60deba2-63d0-413c-9751-1aa9ad6e8cbe,,
2019-01-25 07:30:12 UTC, group-a,3, c612692a-8812-4867-8c99-0f9ac4b1dfd0,,
2019-01-25 08:55:16 UTC, group-a,2, 2722962b-2c9d-46ec-a757-087c626e25c7,,
2019-01-25 17:00:06 UTC, group-a,2, bb1f1f5a-a2fa-427b-9d74-6225a323f2b6,,
2019-01-25 17:00:11 UTC, group-a,3, 73535ae2-d3f2-4780-9e1b-4026705a6032,,
2019-01-25 17:21:29 UTC, group-a,3, 5267184b-e0f8-4c47-89af-7a6ef7677b3b,,
2019-01-25 18:50:44 UTC, group-a,2, 763f30c7-c91d-4025-b6c6-b3be5eb8dc55,,
2019-01-25 19:00:43 UTC, group-a,3, 813bec9f-98c7-4b73-babb-275828c983f0,,
2019-01-25 19:04:44 UTC, group-a,3, 8578b723-2dce-43e9-b4e5-6936748ca241,,
2019-01-25 19:10:27 UTC, group-a,2, b472c4d3-9924-43d4-bd6d-be75c825454b,,
2019-01-25 19:11:03 UTC, group-a,3, eddb8c7c-cfab-430d-94e8-2690ec7fb1ab,,
2019-01-25 19:19:55 UTC, group-a,3, 5d18cd00-e26d-409f-b77b-bae1726b1ee3,,
2019-01-26 00:24:38 UTC, group-a,3, d6fbd87c-4f7b-4773-8192-49cafceb33cb,,
2019-01-27 05:10:23 UTC, group-a,3, 12cf8016-e564-4ada-8b04-081c82b3da47,,
2019-01-28 19:51:12 UTC, group-a,3, c1fbb561-62b4-4301-aa46-4f4101e7d960,,
2019-01-28 20:14:04 UTC, group-a,3, 420c2bd3-e7f4-43dc-8925-fdbeeeae1ea3,,
2019-01-28 20:49:02 UTC, group-a,3, b6d356b2-ce18-4ac5-84ce-f3f861cfcfca,,
2019-01-28 20:53:26 UTC, group-a,2, da2e7c93-42c5-401d-9154-9a26360104d1,,
2019-01-29 18:04:24 UTC, group-a,3, e0210ac7-5587-43aa-b579-9f7c200409d5,,
2019-01-29 18:47:28 UTC, group-a,3, c709f292-a244-4a28-bd16-cb09b9b710f5,,
2019-01-29 20:00:26 UTC, group-a,3, 42bbffd7-5b8c-400c-9e46-e5a505babad0,,
2019-01-29 20:14:41 UTC, group-a,3, 95382d8e-9b8a-452c-8ffb-b2aebea8de63,,
2019-01-31 00:54:10 UTC, group-a,5, c40d5d6d-8389-4247-b23f-46960a112ed3,,
2019-01-31 02:23:58 UTC, group-a,3, 7738df73-b00d-47ef-a8b4-d5f2b264c1b2,,
2019-01-31 22:38:26 UTC, group-a,3, c66ac6da-3043-4458-a245-d8ccea3604f5,,
2019-02-01 07:10:10 UTC, group-a,5, 9d0a7a79-f490-44c1-9720-022c182de68c,,
2019-02-01 11:46:35 UTC, group-z,3, ef6bff55-c344-413d-a98f-499b8e2507bb,,
2019-02-01 17:33:26 UTC, group-a,3, b6eb04ee-48c4-4127-b0d0-77de12390d24,,
2019-02-01 18:21:35 UTC, group-a,3, ef6bff55-c344-413d-a98f-499b8e2507bb,,
2019-02-01 22:23:54 UTC, group-a,3, ddd55dac-475b-4576-a0d0-11b228afb78e,,
2019-02-02 00:41:15 UTC, group-a,3, 9a757c10-1138-4990-aae1-d8a40e2bc800,,
2019-02-02 05:10:34 UTC, group-a,3, a8293b82-6f9d-4766-aaa2-c12049f35a34,,
2019-02-02 18:33:05 UTC, group-a,3, bd273d03-2fdc-4ecc-bcf4-6e55f9dfcadb,,
2019-02-03 18:53:55 UTC, group-a,3, b7e6353f-89a4-42d6-b813-be479b6e5007,,
2019-02-05 17:33:19 UTC, group-a,3, cb08b5c7-b460-466a-9813-1709369d0fc1,,
2019-02-05 18:42:40 UTC, group-a,3, ead38d1c-e258-40f5-bbf1-08ec2d896919,,
2019-02-06 20:20:47 UTC, group-a,3, 95109e99-b6e7-4f7e-a2b9-095ac5d5da15,,
2019-02-06 22:25:28 UTC, group-a,3, 40545950-5418-4de2-80f9-78ace66ac9ce,,
2019-02-06 23:49:55 UTC, group-a,4, 2d682a12-c0e2-41e5-a157-35742d93ee9b,,
2019-02-07 02:20:24 UTC, group-a,3, 7e8a315b-6b62-40d7-8fec-7e62843a92db,,
2019-02-07 03:15:48 UTC, group-a,3, 40da0fe7-b92d-43b5-a67e-0dabeae12da2,,
2019-02-08 19:10:01 UTC, group-a,3, a4a53ded-ef89-4f59-a3bd-a638514135c9,,
2019-02-09 05:10:38 UTC, group-a,3, 663737d9-39eb-4725-bccb-c59d85255368,,
2019-02-11 23:27:50 UTC, group-a,5, ddbbda35-41a4-48d0-b87d-6071e1d80b3e,,
2019-02-12 00:03:16 UTC, group-a,3, dc23746b-1057-41d4-8817-33e8248ad230,,
2019-02-12 14:47:46 UTC, group-a,3, 04a6a768-26bd-4e26-81b3-2cd20838fb68,,
2019-02-13 03:33:06 UTC, group-a,3, 608d6257-5743-4637-9df6-98d7c6f19a43,,
2019-02-14 01:28:02 UTC, group-a,3, d86077e7-b742-4d89-a8e7-213559a745d7,,
2019-02-15 00:34:38 UTC, group-a,3, 608d6257-5743-4637-9df6-98d7c6f19a43,,
2019-02-15 01:32:12 UTC, group-a,3, 608d6257-5743-4637-9df6-98d7c6f19a43,,
2019-02-15 19:10:24 UTC, group-a,3,181851889,,
2019-02-15 20:37:57 UTC, group-a,3, 79a2eddc-1f88-4851-b99f-e4377d4a6a3b,,
2019-02-18 19:13:50 UTC, group-a,5, 623eb996-323e-4b89-96b1-d6377b81b448,,
2019-02-18 21:27:15 UTC, group-a,3,182138251,,
2019-02-18 21:40:04 UTC, group-a,3, f9d2de25-d196-4677-b523-a1ec3fab3876,,
2019-02-19 07:54:40 UTC, group-a,3, 3d619b6c-88fa-4f2d-9076-4fe22668c404,,
2019-02-19 19:13:18 UTC, group-a,3, 3dd62b2d-c9e2-4862-b215-8598ad2cda19,,
2019-02-19 21:15:30 UTC, group-a,4, 1529f05f-4235-454e-85bf-97f698fd7dd0,,
2019-02-19 21:43:47 UTC, group-a,5, 42fe14c1-1cc1-41ee-bae7-5602a8800a87,,
2019-02-20 08:51:02 UTC, group-a,3, 83c02907-f085-4bbe-9cca-97e36bc26340,,
2019-02-20 11:26:18 UTC, group-a,2, e0c70ee3-603d-429f-8221-05c74a8835cd,,
2019-02-20 11:27:09 UTC, group-a,3, f4f180a6-73d0-4938-b277-ad945ed2a860,,
2019-02-20 22:37:08 UTC, group-a,5, fb3f20dc-99da-4330-9fdb-c2df30c80fd3,,
2019-02-20 22:40:01 UTC, group-a,4, a755c757-5c0a-49b7-ab3a-25ced736e1cf,,
2019-02-21 01:07:27 UTC, group-a,3, 6ab5c3ed-6259-44c3-a4c3-4021a58cec8d,,
2019-02-21 01:16:56 UTC, group-a,3, 0bc85606-3688-413a-82fe-d961aba9632c,,
2019-02-21 01:39:51 UTC, group-a,3, 39d0f918-ea03-4c8b-bb69-58aff82df1e1,,
2019-02-21 03:31:47 UTC, group-a,3, 9bb34aa5-ca42-4306-b2d5-d5e7f3f8a76e,,
2019-02-21 06:07:25 UTC, group-a,3,181851889,,
2019-02-22 01:41:42 UTC, group-a,3, 98df0cd4-c80a-4c27-ada8-d13b09a44a5f,,
2019-02-23 12:50:57 UTC, group-a,3, b6b32bd1-f84a-407b-b0fd-ef3adbb719eb,,
2019-02-25 19:48:16 UTC, group-a,5, 249b1dca-959f-4dfa-a5ae-2d455a5fc5ca,,
2019-02-25 21:48:38 UTC, group-a,3, fc085e6d-3907-4b5d-9087-e364dde3c0e1,,
2019-02-26 09:52:49 UTC, group-a,4, f9ba058b-dbc5-46b8-86fd-8f35d228d4cc,,
2019-02-26 22:09:24 UTC, group-a,4, a1d65800-01bb-429c-b763-dcb22e635149,,
2019-02-26 22:10:41 UTC, group-a,4, f856996c-b52f-4342-8700-4c13b7b02eaa,,
2019-02-26 23:12:36 UTC, group-a,3, 626098b7-7139-450c-aaa6-ec4d496c62f0,,
2019-02-26 23:42:16 UTC, group-a,3, 1c479381-4c39-434b-a40b-f7d8bb7e44e4,,
2019-02-27 19:12:55 UTC, group-a,3, 52170350-bf6f-41a3-84d0-69663a489ef0,,
2019-02-27 21:26:49 UTC, group-a,3, 572c4f1b-abff-48e9-8efa-d840c74fd429,,
2019-02-27 22:37:47 UTC, group-a,3, 10e53ddb-d6ed-47dc-a863-848704e8813a,,
2019-02-28 01:08:47 UTC, group-a,3, d6143bd1-9608-47ed-8eb2-f64a8ccde6fb,,
2019-02-28 02:07:27 UTC, group-a,3, e6935393-7abb-4682-9046-ce71ad3849c2,,
2019-02-28 17:48:19 UTC, group-a,3, fdf7f405-3dd3-4c17-9a7e-6b8b5d90ce76,,
2019-02-28 20:36:41 UTC, group-a,3, 786b51c0-e764-403c-8d55-1222f0b4af23,,
2019-03-01 22:43:41 UTC, group-a,3, 3c3bbe7c-d934-46c5-a093-5ed4b954b9d6,,
2019-03-04 22:44:11 UTC, group-a,3, c841473d-156a-477b-980e-98aeb74edf04,,
2019-03-05 12:54:59 UTC, group-a,3, 8eab8e74-3e74-4c41-8993-4bc90206ea8a,,
2019-03-05 22:55:28 UTC, group-a,3, ad3cb8a2-6d4c-44f5-a40b-f1dc23189b0b,,
2019-03-06 15:04:59 UTC, group-a,3, 56410551-1e64-4ab6-adc5-0e0f94af15c1,,
2019-03-06 18:18:48 UTC, group-a,4, cb4db94b-380d-4435-95aa-c67359f71f36,,
2019-03-06 19:18:10 UTC, group-a,3, b47ff091-d755-47ff-8322-e40b0748df72,,
2019-03-06 19:36:51 UTC, group-a,3, 403713cb-2338-4ba6-a28d-be4085f35e0f,,
2019-03-06 22:44:25 UTC, group-a,3, b545e3e4-8009-4126-907a-0ba4dcc691b0,,
2019-03-06 22:54:27 UTC, group-a,4, 3ac64d62-a23b-4017-895a-ec9e9841b5db,,
2019-03-06 23:33:28 UTC, group-a,3, 9b856396-09e9-4f26-ba54-7768a6465ea1,,
2019-03-07 08:43:08 UTC, group-a,4, 6c5954cf-7909-4585-97a0-73737d37c986,,
2019-03-07 17:29:18 UTC, group-a,3, 57aa484c-04dc-4e4f-9434-91bd4ff6a463,,
2019-03-07 17:29:22 UTC, group-a,3, b018122c-9944-41bd-8b16-44e8471666b8,,
2019-03-07 19:52:28 UTC, group-a,3, e063cf49-2c4f-4b43-8565-a2dd0744d8dd,,
2019-03-07 21:56:25 UTC, group-a,3, 4051a336-dcd9-44ca-89d1-fd706b338885,,
2019-03-07 22:33:35 UTC, group-a,3, 323fff57-43a1-4174-9066-e790a5f29912,,
2019-03-07 23:38:52 UTC, group-a,3, 00f3c257-4043-47b0-858e-8c3af9d7919f,,
2019-03-08 03:54:09 UTC, group-a,3, 129e372c-1a0b-4069-b84e-6ad9754ec8ba,,
2019-03-08 08:43:09 UTC, group-a,3, 51f7d03c-2c0a-4f47-a920-11331f3fd4be,,
2019-03-08 20:11:14 UTC, group-a,3, a84b166f-5a79-4229-ae95-1e546c4fd342,,
2019-03-08 21:43:00 UTC, group-a,3, 255a6ff8-2682-485f-b9f2-551d2669a0b1,,
2019-03-09 10:47:24 UTC, group-a,2, 3bdcd591-0f35-4923-9b81-20361b6b674d,,
2019-03-11 01:50:51 UTC, group-a,3, 69dd93df-f70c-49e8-83c5-d3835149f826,,
2019-03-11 01:51:07 UTC, group-a,2, 2cbb53ff-a0bf-4505-b50e-0267e5a1d042,,
2019-03-11 17:29:26 UTC, group-a,2, 7f2ca3a1-8782-48cb-b037-c762539d3527,,
2019-03-11 17:29:27 UTC, group-a,3, cfb5dd94-8854-41e6-a50a-213faa040cdf,,
2019-03-11 19:47:43 UTC, group-a,5, f8761135-c399-4192-911e-2ed9bf987279,,
2019-03-14 20:09:24 UTC, group-a,3, 3707ff34-4130-412b-a3f8-35d74650881d,,
2019-03-14 21:02:23 UTC, group-a,4, 9935d4ed-3302-44cd-9b1f-75bb3eaeb289,,
2019-03-15 16:25:33 UTC, group-a,3, 60e4dfa5-a4b2-4acb-bc08-7cdd6b9d4e70,,
2019-03-19 18:25:09 UTC, group-a,2,185504265,,
2019-03-19 19:13:54 UTC, group-a,2,185511575,,
2019-03-19 20:18:08 UTC, group-a,5, f15047db-5395-411e-8cda-4804550beebb,,
2019-03-19 23:55:15 UTC, group-a,3, a7c6dec2-4db2-467e-bc15-385420e1824a,,
2019-03-20 15:39:05 UTC, group-a,3, c5ee9465-fe1a-40f1-98d0-9cb756f928cc,,
2019-03-20 21:11:53 UTC, group-a,2, a0c6cc26-8c93-46f4-8b6a-6fa99a953b45,,
2019-03-20 22:58:01 UTC, group-a,3, c70fecd1-dbb0-4252-ae37-c289bf167fc1,,
2019-03-21 04:25:11 UTC, group-a,4, 3fb1b7aa-9453-448a-88b6-fc7f525dfebc,,
2019-03-21 21:40:51 UTC, group-a,3, 77d8ed43-e294-4449-a018-1a421527392c,,
2019-03-21 23:20:32 UTC, group-a,3, 21f0179f-ab8e-4ac3-8c19-40eccab65803,,
2019-03-22 00:47:22 UTC, group-a,4, 35842c65-8f5a-483b-bb90-945e98b7a6d1,,
2019-03-22 03:16:48 UTC, group-a,5, c9928408-4909-4a46-ac82-fa965ae46b4b,,
2019-03-22 07:49:19 UTC, group-a,3, cf9ac444-f730-4e44-b62a-42b5bdf04dfd,,
2019-03-22 14:27:07 UTC, group-a,3, 522e2323-4b2a-4455-8f58-00dd9c3948b5,,
2019-03-22 17:06:02 UTC, group-a,5, ee997047-a4e7-4090-bb5b-b07a684cdf71,,
2019-03-25 17:11:08 UTC, group-a,3, df520afb-c5e6-4da7-96b2-cddaa5788eeb,,
2019-03-25 17:32:04 UTC, group-a,3, c4ea1a1b-6ab4-45d3-98af-119ccd15e870,,
2019-03-25 17:57:02 UTC, group-a,3, 99e8fae8-fbd9-4afc-a358-ab0b29d783e3,,
2019-03-25 23:06:39 UTC, group-a,3, f423762a-99a5-4a50-a2f5-7df086b85ae6,,
2019-03-26 01:07:07 UTC, group-a,2, 4e34ddae-8e95-4ab4-a8bd-0ad0c14920e1,,
2019-03-26 17:35:14 UTC, group-a,3, f7a70da0-4add-4a04-8757-5f51eaf998c1,,
2019-03-28 00:05:26 UTC, group-a,3, 67cb450c-9294-4cf2-89be-1705849a568f,,
2019-03-28 00:07:56 UTC, group-a,3, ce2a4751-524c-48dc-bc29-9df8842b5132,,
2019-03-28 08:20:37 UTC, group-a,3, 5e3154d3-3868-4d65-b164-87f8d6ab6563,,
2019-03-28 20:01:44 UTC, group-a,5, a3cc99fe-94af-44b9-aa42-5ed82e53dda2,,
2019-03-28 23:22:09 UTC, group-a,3, bb46c2e2-0626-4293-9602-d9fc4e9cc81e,,
2019-04-01 11:23:36 UTC, group-a,4, c99c5f22-a7e2-468f-a8fc-1c1ea9321922,,
2019-04-01 19:10:45 UTC, group-a,3, d9933986-90af-4a2a-9b83-fb662881a0d8,,
2019-04-02 01:04:33 UTC, group-a,4, 51317343-409c-4ead-8ecc-7b44839cd52d,,
2019-04-02 01:44:13 UTC, group-a,3, fcd0c729-92be-4852-baae-ae47b3a87cec,,
2019-04-02 07:10:29 UTC, group-a,3, 6fe9433b-ffda-436b-867f-12b10580f4ce,,
2019-04-02 09:55:28 UTC, group-a,3, f170fe5d-fd2c-4b18-86a1-364de7abd5fd,,
2019-04-02 19:52:26 UTC, group-a,3, 370c54c9-533e-47c3-bf0e-db9aaa777cd9,,
2019-04-02 20:17:43 UTC, group-a,3, 99bc768b-81d4-495b-ac6e-2f55822916c6,,
2019-04-02 21:23:50 UTC, group-a,3, 9f0e32e2-e990-450e-a4f8-36215b2952f9,,
2019-04-02 22:00:28 UTC, group-a,3, 3d2aafcd-1ab0-4ee5-a829-33384568d43b,,
2019-04-02 22:29:02 UTC, group-a,3, eba5b637-6a19-41dd-b9bd-6a6cd240df70,,
2019-04-02 22:38:21 UTC, group-a,3, 6f77fdb5-51de-4283-ac4b-11f11f98de22,,
2019-04-02 23:42:15 UTC, group-a,3, 7e6213d8-8517-4a72-b74f-81964c8c9a51,,
2019-04-03 01:30:26 UTC, group-a,3, 48ea7520-7e34-49b4-9454-b7b78c9e29eb,,
2019-04-03 02:14:57 UTC, group-a,3, f3793d9b-3fe4-4a12-b771-b906834cc588,,
2019-04-03 02:25:43 UTC, group-a,3, c4b75a1e-9695-4b28-af2f-c9dc0d0f9fb2,,
2019-04-03 02:26:32 UTC, group-a,3, 0468acb3-7d52-41dc-bdaa-abb553bbfe10,,
2019-04-03 20:45:14 UTC, group-a,3, a06c2290-1a04-483d-9b59-0fe79bad2411,,
2019-04-03 20:52:57 UTC, group-a,3, d85a9d35-8839-4225-90ce-e2488da2d3b0,,
2019-04-03 22:35:02 UTC, group-a,3, ac09f414-3acf-48b3-8fe9-8212d2a70506,,
2019-04-03 23:17:45 UTC, group-a,3, a3eb1531-f8db-4c26-b1a2-27642168111c,,
2019-04-04 01:31:19 UTC, group-a,3, 35fc7718-e4a8-4928-bb38-a5d0fc904583,,
2019-04-04 16:52:11 UTC, group-a,4, 91d10573-151b-414d-b148-47ef6e901684,,
2019-04-04 19:32:07 UTC, group-a,2, 8c6dad1f-da39-43d0-ad42-e71e5d274f53,,
2019-04-04 20:55:00 UTC, group-a,3, 7a305f22-a331-4e4f-bac3-8aaec09b0a3a,,
2019-04-04 22:41:44 UTC, group-a,3, 423aa231-be07-439c-9d9b-590d9aaaf850,,
2019-04-04 23:34:58 UTC, group-a,3, e5535766-b861-4cd9-8b26-694c28ed754c,,
2019-04-04 23:42:34 UTC, group-a,3, ae882f67-289c-41af-ac09-79124158cc96,,
2019-04-05 01:17:21 UTC, group-a,3, eafcc666-d857-4442-935c-d0266e388f75,,
2019-04-05 01:17:36 UTC, group-a,3, c120cb7e-b459-4e16-922e-203f46ce43ed,,
2019-04-05 05:26:00 UTC, group-a,3, 4841298d-9c59-49a4-a993-0bf1a30717ef,,
2019-04-06 00:08:50 UTC, group-a,3, 31ea6e51-44d0-4d76-a849-9996aa44fef0,,
2019-04-06 00:35:25 UTC, group-a,3, b74687d3-7f7e-4ea0-97be-3a7826ac624e,,
2019-04-06 00:37:15 UTC, group-a,3, d5b7c2f1-528c-47e0-97ac-3243970fd731,,
2019-04-06 00:48:20 UTC, group-a,3, 0c3cf0bd-e4d2-473f-a54b-8c9e0e8fef94,,
2019-04-06 12:24:58 UTC, group-a,3, 1e942c6a-2796-482c-affb-b067b1da169b,,
2019-04-08 18:41:26 UTC, group-a,4, 977fa757-99de-4e32-8101-8987c58662b6,,
2019-04-08 18:54:31 UTC, group-a,3, de368cd1-e8d6-4c98-9ff2-868bbcd20200,,
2019-04-08 19:25:58 UTC, group-a,3, 658095fb-010e-4985-8c30-1a986cdca813,,
2019-04-08 19:30:56 UTC, group-a,3, b6e9118a-c490-4617-a222-54628f66afa1,,
2019-04-08 21:12:36 UTC, group-a,3, aac005b4-98dd-43a7-921b-30b39829697f,,
2019-04-08 23:22:15 UTC, group-a,3, a5e01f51-a125-4bb9-9d66-a58a50e56acd,,
2019-04-09 19:59:20 UTC, group-a,3, 87206249-e235-42cb-a2ae-04349f428a69,,
2019-04-09 20:16:10 UTC, group-a,3, c6b9f9e9-6f3a-4296-af19-7cafe45a0dbd,,
2019-04-10 00:30:30 UTC, group-a,3, 4a0c18e1-4cbb-4a1f-9920-9704f0f919da,,
2019-04-10 18:05:53 UTC, group-a,3, 0c2c887a-a0ec-4918-8637-1dd6a62cf67a,,
2019-04-10 18:42:34 UTC, group-a,3, 60e3d803-be9e-48a7-9176-c583c7ad9cc1,,
2019-04-10 19:28:22 UTC, group-a,3, 7dcba5eb-f639-48b9-9d79-9ba95096c47a,,
2019-04-10 20:53:05 UTC, group-a,3, 27becf16-40d6-4c29-8efc-b5a823fda2cc,,
2019-04-10 21:00:41 UTC, group-a,4, ee1a57aa-7dda-4f7b-87a3-ce11062d3401,,
2019-04-11 02:01:02 UTC, group-a,3, 35a98cef-7efd-4e82-8a87-30d281409e96,,
2019-04-11 03:21:17 UTC, group-a,3, 231f1eff-5293-4a64-a929-d77eeb071cbf,,
2019-04-11 06:19:11 UTC, group-a,3, d7c6d3b3-0508-47bd-a0b5-24b323fdd12f,,
2019-04-11 13:39:39 UTC, group-a,4, 4f184c2f-efa9-4715-bf6a-23fac9dd7f52,,
2019-04-11 16:59:19 UTC, group-a,3, d56a0d15-cc6d-4f2f-a6d3-c91f171011e5,,
2019-04-12 17:58:31 UTC, group-a,3, 1c449255-4ae6-4902-afc1-675cbcf99e36,,
2019-04-16 00:31:57 UTC, group-a,3, 06b63c0b-5040-42d8-9c03-dc151fe4d6d0,,
2019-04-16 20:15:11 UTC, group-a,3, 66a2550f-6380-497e-960a-c177abea3082,,
2019-04-16 23:06:56 UTC, group-a,3, 823da820-d0c0-4c9b-a71a-101cd80e108a,,
2019-04-16 23:15:23 UTC, group-a,4, cc808469-2315-47e8-85ce-abdde673ba47,,
2019-04-19 09:25:23 UTC, group-a,2, 21c5b85b-4aea-4e57-8406-592e2d72f647,,
2019-04-22 17:07:15 UTC, group-a,2, 20ad62ce-babc-4a55-af12-757ae1981080,,
2019-04-22 17:07:40 UTC, group-a,3, 36110ac1-5486-4050-b6c0-8d73178918a2,,
2019-04-22 21:19:54 UTC, group-a,3, 50f518eb-60b2-495c-88b4-b2bd920f69cf,,
2019-04-22 21:19:56 UTC, group-a,5, 9ad14c19-a45b-4b80-a091-5d7eff2ae8bc,,
2019-04-22 22:22:22 UTC, group-a,3, b3eed152-7954-43a8-b197-63577537f818,,
2019-04-22 22:36:11 UTC, group-a,3, 91e26eb0-042a-4714-8776-e7fbb806141a,,
2019-04-23 20:22:03 UTC, group-a,4, f91b4984-0622-4954-a6e1-5074c6eb049e,,
2019-04-24 04:24:05 UTC, group-a,3, ccd16973-446a-427f-9dd3-c17d6f01f4a0,,
2019-04-24 08:20:47 UTC, group-a,3, df5a422e-93ce-44f3-87b2-e725d92bc696,,
2019-04-24 13:21:22 UTC, group-a,3, 44f428e2-c095-489c-bd19-98aa378e268b,,
2019-04-24 13:44:15 UTC, group-a,3, 193cd8f8-36e1-400c-9a24-09bd6d1a087e,,
2019-04-24 19:48:33 UTC, group-a,3, 42fcab38-9a7a-4dc8-ae62-33e128a53d46,,
2019-04-24 22:39:50 UTC, group-a,3, dbafce7b-a0d3-4628-ac87-1272c6af86b2,,
2019-04-25 00:30:56 UTC, group-a,3, 5d505642-dd57-4e1b-b524-5bb678f8631c,,
2019-04-25 00:30:56 UTC, group-a,3, 5fbe4a55-0c80-4ea6-826b-07c21dae3466,,
2019-04-25 00:31:08 UTC, group-a,3, bacf0acf-d5e1-466c-b9dd-171adbb324c1,,
2019-04-25 00:31:08 UTC, group-a,3, e22ac49e-aa22-450c-bffe-7f9376e1dcd6,,
2019-04-25 00:31:47 UTC, group-a,3, 834d249c-980c-44ca-99e7-16d944efc158,,
2019-04-25 00:31:47 UTC, group-a,3, ae3ec7a5-8de6-4577-a896-651baf1d53e8,,
2019-04-26 16:11:25 UTC, group-a,3, 7d102322-308c-4462-b648-a49dc9ddffb3,,
2019-04-26 21:02:55 UTC, group-a,3, b25d538d-4adc-48b4-bb5d-dbe568fad5fc,,
2019-04-27 01:06:03 UTC, group-a,3, 7a2efc68-1c62-4325-b76a-f872d8a5d169,,
2019-04-30 19:19:33 UTC, group-a,3, b4993edc-1c32-46a4-9584-8c77261ef1c1,,
2019-04-30 22:57:33 UTC, group-a,3, 11f80b13-4693-4733-b80a-c72ef53ce6c0,,
2019-05-01 01:14:02 UTC, group-a,3, e064d04a-1789-4e90-8226-cadec74a6fc5,,
2019-05-01 03:56:37 UTC, group-a,5, b62ae8c9-c829-47b7-8304-1e151afcb799,,
2019-05-01 18:59:27 UTC, group-a,2, 7da8bfd6-ca29-419e-8f94-2a55191ee464,,
2019-05-01 19:42:28 UTC, group-a,3, 2decc779-b4f8-46fb-b482-3f46ff8120ce,,
2019-05-01 23:39:44 UTC, group-a,5, 443db347-ac5e-4416-9ea9-3f7c978384da,,
2019-05-02 00:25:12 UTC, group-a,3, 37c67091-adf5-4bfd-a809-d566a338b099,,
2019-05-02 22:47:01 UTC, group-a,3, b25d538d-4adc-48b4-bb5d-dbe568fad5fc,,
2019-05-02 22:56:37 UTC, group-a,3, 7aa14d2d-3b87-436e-a06c-ddc03f2064c9,,
2019-05-02 23:56:20 UTC, group-a,3, ad723932-30bf-4e43-8f5e-4fe693e54cc0,,
2019-05-03 01:06:39 UTC, group-a,3, 43b02712-c76f-49d5-b772-224135b3252b,,
2019-05-03 02:47:02 UTC, group-a,4, 2021185c-4806-42a1-b423-597a319f5b69,,
2019-05-04 00:33:34 UTC, group-a,3, 7918c648-80e8-453c-a56c-f0e5e243e3cc,,
2019-05-07 11:32:38 UTC, group-a,3, bb5789b6-4da8-455d-a061-1d4fe7131d9a,,
2019-05-07 16:55:00 UTC, group-a,4, 8171f78c-5beb-4bf6-97c0-0294f42b0a17,,
2019-05-07 18:58:21 UTC, group-a,5, f7e375b4-0be9-4b13-b2be-9e5216fe1094,,
2019-05-07 19:00:37 UTC, group-a,5, 9b94e7a1-c708-4b92-ac67-2245c1cd4149,,
2019-05-07 21:52:23 UTC, group-a,3, f5b23ad2-cf28-46d4-8d5c-5177ad6f52bf,,
2019-05-08 00:12:27 UTC, group-a,5, 315a1b31-2040-4aa0-b716-6c3f6b70f9f3,,
2019-05-08 00:12:27 UTC, group-a,5, 315a1b31-2040-4aa0-b716-6c3f6b70f9f3,,
2019-05-08 15:01:57 UTC, group-a,3, 3cd72f93-c2b5-46af-9b53-5564a9881191,,
2019-05-08 18:30:59 UTC, group-a,5, 8f3e314c-a531-43b3-8031-2818cc5d8183,,
2019-05-13 09:38:56 UTC, group-a,4, 3b733f26-8080-4154-b073-cd3b1cc9a953,,
2019-05-13 19:00:26 UTC, group-a,3, 92090cb6-611d-450f-960a-17456cce77ec,,
2019-05-13 21:37:16 UTC, group-a,3, 146fcda3-e551-45b0-bc01-c1817d27535f,,
2019-05-13 21:54:41 UTC, group-a,3, e885d1c3-c9c9-4740-8157-9c0005ae0915,,
2019-05-13 22:12:12 UTC, group-a,3, ac1cb52f-57a6-4dd5-89e8-c77ffe015656,,
2019-05-13 22:36:03 UTC, group-a,3, 7fed5a8f-8675-4c72-8093-59a83a5c5f4d,,
2019-05-13 22:36:03 UTC, group-a,3, f89bf692-ea03-4122-a76b-76e791687d34,,
2019-05-13 22:48:58 UTC, group-a,3, b2184d6f-bd10-45f6-8274-6459ba5cca15,,
2019-05-13 23:36:28 UTC, group-a,3, 24390700-e9aa-4754-bea0-e88419e1a578,,
2019-05-15 03:42:17 UTC, group-a,3, 1ade827d-4aa0-4060-b391-30fb0503df9d,,
2019-05-15 05:46:02 UTC, group-a,3, bf59990f-2e9a-479b-adf7-63433a23a1e6,,
2019-05-15 21:50:02 UTC, group-a,5, 83f44140-e786-4210-a323-7c7d1b3a387f,,
2019-05-15 23:25:25 UTC, group-a,5, f0a8e961-5306-422d-9938-e972a2d4620a,,
2019-05-16 01:25:36 UTC, group-a,3, e1a0a1b9-d845-461c-981f-34fe6462049d,,
2019-05-16 18:54:56 UTC, group-a,3, 8a20e579-258a-4c8b-bd6c-d4b2b4e556aa,,
2019-05-16 22:28:11 UTC, group-a, null, 99ad6e61-34f3-4c52-98c8-a1ee2590298f,,
2019-05-17 00:39:02 UTC, group-a,3, fc401018-0f7b-447f-abf1-7c68d4ebf8f4,,
2019-05-17 19:47:56 UTC, group-a,3, bef76b89-8bdb-4a45-94f9-1da32f84f399,,
2019-05-21 21:26:06 UTC, group-a,3, 435ffdfe-8cc5-483f-80ff-aeb682c195d9,,
2019-05-21 23:20:49 UTC, group-a,3, 0c87cd8b-0d3e-491c-aa5e-6c29f47466c1,,
2019-05-21 23:46:44 UTC, group-a,3, 67e782ee-cf70-46a1-916f-858745c90087,,
2019-05-22 00:38:45 UTC, group-a,3, fc401018-0f7b-447f-abf1-7c68d4ebf8f4,,
2019-05-22 18:42:29 UTC, group-a,3, ee5b75b1-94ca-4657-addc-0f2c3fa8afa4,,
2019-05-22 23:05:05 UTC, group-a,3, 2f159760-b740-4b4e-bbdd-b2914fcd67c6,,
2019-05-24 17:03:33 UTC, group-a,4, caa9142d-be12-487d-a1ff-f50329030f4b,,
2019-05-24 17:03:49 UTC, group-a,4, 03c0cc0b-6e2a-4aac-a5fc-c1f49e874d95,,
2019-05-28 07:59:17 UTC, group-a,4, ed931b86-c534-4fae-b589-fdc21c848546,,
2019-05-28 18:21:34 UTC, group-a,4,192430883,,
2019-05-28 18:21:34 UTC, group-a,4, 05a53a3d-6081-4014-a6a5-fcbeb2595141,,
2019-05-28 18:23:22 UTC, group-a,5, 0fb43607-3aa3-4340-b794-0ff8f191a2d2,,
2019-05-28 18:23:22 UTC, group-a,5,192673320,,
2019-05-28 18:25:49 UTC, group-a,3, 6d33d209-4e30-4b49-b0f8-f652ea1249c8,,
2019-05-28 18:25:49 UTC, group-a,3,189263275,,
2019-05-28 18:26:10 UTC, group-a,3, 7284a5e0-09a0-4424-bb16-3b5b76e7c616,,
2019-05-28 18:26:10 UTC, group-a,3,191083485,,
2019-05-28 18:26:33 UTC, group-a,3,191495895,,
2019-05-28 18:26:33 UTC, group-a,3, e186a2d4-cbe4-4fa3-ad42-ce7299db6ae5,,
2019-05-29 17:33:18 UTC, group-a,5, 8f3e314c-a531-43b3-8031-2818cc5d8183,,
2019-05-29 21:37:02 UTC, group-a,5, b480091b-9ca9-4242-ac0e-93b8c220e5a6,,
2019-05-30 16:55:26 UTC, group-a,3, 5720aecd-d5a3-47a8-8d7b-7d804764c402,,
2019-05-30 18:33:27 UTC, group-a,3, dfc3926c-3986-4c85-99bb-51efe6d81265,,
2019-05-30 20:40:09 UTC, group-a,3, cb5aa937-ee97-4877-bb21-a5c9d0dbb316,,
2019-05-30 20:40:09 UTC, group-a,3,190231833,,
2019-05-31 17:18:24 UTC, group-a,5, c2640e52-f366-47ec-90a6-ac3ef1d23b2c,,
2019-06-04 02:23:04 UTC, group-a,2, cfffbd7e-7e9f-4966-a10c-b2f91322ec1b,,
2019-06-04 05:00:22 UTC, group-a,4, 15cbf4cc-0e06-40ec-953a-fe7c9627a76e,,
2019-06-04 05:00:22 UTC, group-a,4,193833070,,
2019-06-04 05:01:45 UTC, group-a,3,190231833,,
2019-06-04 05:01:45 UTC, group-a,3, cb5aa937-ee97-4877-bb21-a5c9d0dbb316,,
2019-06-04 15:54:27 UTC, group-a,2, 72333134-fe13-4963-b555-a96c68b30093,,
2019-06-04 19:26:43 UTC, group-a,4, 0297d7be-a39b-4c6b-807f-e86a7bf532e4,,
2019-06-04 19:26:43 UTC, group-a,4,193790045,,
2019-06-04 19:27:23 UTC, group-a,3,193441189,,
2019-06-04 19:27:23 UTC, group-a,3, dd741686-ffa1-45fb-8ec6-ddf1d14af764,,
2019-06-04 19:27:43 UTC, group-a,3,193457382,,
2019-06-04 19:27:43 UTC, group-a,3, 4aa614fc-c63b-4e93-a322-10ee4451e463,,
2019-06-04 20:08:58 UTC, group-a,3, 95993dfc-3b2a-48bb-8c4a-85f1a715aa0c,,
2019-06-05 20:08:35 UTC, group-a,5, 0fb43607-3aa3-4340-b794-0ff8f191a2d2,,
2019-06-05 20:08:35 UTC, group-a,5,192673320,,
2019-06-05 22:54:30 UTC, group-a,3, 793ecb78-057c-4d6e-96bc-af44accbc14b,,
2019-06-06 16:56:19 UTC, group-a,3, 656ea64a-f101-441a-8ba6-f51e175bf0d5,,
2019-06-06 16:56:19 UTC, group-a,3,194145633,,
2019-06-06 16:56:43 UTC, group-a,3,194102068,,
2019-06-06 19:23:15 UTC, group-a,3, 69696066-569e-4427-8a43-383528aa7e0c,,
2019-06-06 21:14:14 UTC, group-a,3, e71fa574-6591-4df3-a88f-88e3235ccdc6,,
2019-06-06 21:16:54 UTC, group-a,3, 9e1106f2-78b7-45c4-928e-1e7b92f961de,,
2019-06-06 21:58:04 UTC, group-a,3, 6dcf84aa-d7fa-488c-a790-00cd9b3f6fb3,,
2019-06-06 22:14:02 UTC, group-a,3, 5390c430-8b52-4c32-bd1c-df0e1009be91,,
2019-06-06 22:34:57 UTC, group-a,4, bde5d89f-1a65-4f1b-90f3-5be679a4e33e,,
2019-06-07 00:39:17 UTC, group-a,3, 36d504b9-bf6c-4db3-915d-dfeac3480b09,,
2019-06-07 03:29:01 UTC, group-a,2, 37459e57-7001-450c-a6ac-31786be4028f,,
2019-06-07 11:23:01 UTC, group-a,2, 3cbf398c-ecb0-4277-b33e-fe74957ecd59,,
2019-06-07 17:08:25 UTC, group-a,3, 4bf12d71-ee5b-4229-8c0b-8718b8812b1b,,
2019-06-07 17:08:25 UTC, group-a,3,194291135,,
2019-06-07 17:09:21 UTC, group-a,3,194209362,,
2019-06-07 17:10:54 UTC, group-a,4,194177493,,
2019-06-07 18:31:01 UTC, group-a,3,194334106,,
2019-06-07 18:31:01 UTC, group-a,3, d4ae05be-6054-48a6-96ca-f5b3938c532a,,
2019-06-07 22:32:54 UTC, group-a,4, 22431835-bd19-4a62-a2c5-3c7f9ec704d0,,
2019-06-08 10:05:05 UTC, group-a,2, 2d25d146-733d-417a-83c9-c0bd8defe8b7,,
2019-06-09 22:28:11 UTC, group-a,3, e2a269b2-ced8-47bc-883a-1ad937303c5d,,
2019-06-10 10:37:39 UTC, group-a,4, 031cfacd-8556-4162-b12c-485b22607e3e,,
2019-06-10 19:30:55 UTC, group-a,5, 5aacb770-f73a-4190-b0e8-a139a80cc2b1,,
2019-06-10 23:03:47 UTC, group-a,3, 7035bf93-285d-4120-b212-56678c900b8c,,
2019-06-11 11:09:16 UTC, group-a,3, 801ac039-266d-4a91-987f-be20a8b5eb8b,,
2019-06-11 16:55:43 UTC, group-a,5, 393fe3b6-ef1d-4a63-8b41-4e70f3b91db6,,
2019-06-11 17:02:04 UTC, group-a,5, 27bbd4a7-74d5-42b6-96ed-36246938396c,,
2019-06-11 18:11:16 UTC, group-a,3,193298023,,
2019-06-11 18:11:16 UTC, group-a,3, d9ba5edc-b29d-42c3-aa62-9e50a5e930b6,,
2019-06-11 18:19:14 UTC, group-a,3, 7ece4236-4236-48e0-a399-ecdb8bdc379a,,
2019-06-11 19:27:43 UTC, group-a,3, 1a7e5739-328f-4413-9db5-3bed8046a7f4,,
2019-06-11 19:46:07 UTC, group-a,3, 230bc5f1-ae98-4ecc-b1a5-facd07aaba96,,
2019-06-11 22:12:58 UTC, group-a,4, c168cc16-bde4-4c87-adfe-4ca5ed821181,,
2019-06-12 00:05:12 UTC, group-a,2, 3578edb4-bbb1-4077-bd5b-c1d5562ef211,,
2019-06-12 00:57:29 UTC, group-a,3, fa00260f-25d2-44cc-a762-9c6a86f9149a,,
2019-06-12 06:55:23 UTC, group-a,2, 105238b6-f74d-490b-bc9c-4afbeb511d57,,
2019-06-12 16:58:59 UTC, group-a,5, 393fe3b6-ef1d-4a63-8b41-4e70f3b91db6,,
2019-06-12 17:10:12 UTC, group-a,5, c4fd8ef8-a7b3-4009-a20c-8b378912930c,,
2019-06-12 17:14:55 UTC, group-a,5, 489e41a0-aeae-4844-95f9-943de806ada9,,
2019-06-12 17:23:18 UTC, group-a,5, 9425f770-7323-4579-9855-023ca3bbdcf0,,
2019-06-12 20:37:03 UTC, group-a,4, bdc67390-4662-4c0c-9045-864a0db61560,,
2019-06-12 21:02:43 UTC, group-a,4, ac5f6674-4ea6-43d9-9368-8330b35c86b0,,
2019-06-12 22:59:44 UTC, group-a,3, c27f20b9-1d88-4011-9177-92e34535f354,,
2019-06-13 00:00:30 UTC, group-a,2, 447ae8cc-f452-4e64-bdff-e6a6f6cec445,,
2019-06-13 00:10:18 UTC, group-a,3, f7fb8a1a-415c-4417-ab6a-4565bb5d9e9f,,
2019-06-13 01:26:47 UTC, group-a,3, 0b7c802b-43a6-4877-b04e-db97fba53888,,
2019-06-13 19:43:21 UTC, group-a,3, a3518764-fc74-4948-bf49-6d19f9100b08,,
2019-06-13 20:33:08 UTC, group-a,4, 89904b80-3c89-4cc5-b85c-4e0c57c10032,,
2019-06-13 22:43:46 UTC, group-a,3, 82077b35-7b95-4b3d-aa81-23ae8a1f4367,,
2019-06-14 00:20:10 UTC, group-a,3, a2e718e5-6e7c-4d10-8b84-26c26de3bcb4,,
2019-06-14 03:27:59 UTC, group-a,3, 07078eb2-b9a5-43e1-8ddf-9f627f18d225,,
2019-06-15 04:26:45 UTC, group-a,3, 50187063-a8e1-44c8-a864-086c593577fb,,
2019-06-16 02:00:50 UTC, group-a,3, d739878d-2a77-48a4-9a04-bae7586eeeef,,
2019-06-16 02:00:51 UTC, group-a,2, 8b3f7ee5-d04c-4416-971e-4885a87be7ce,,
2019-06-17 17:17:00 UTC, group-a,4, 24cb0602-291c-4b2e-910c-d1cab68305b2,,
2019-06-17 17:22:10 UTC, group-a,4, 5548e22c-731b-4f81-8f1a-c4529459fe9b,,
2019-06-18 07:45:44 UTC, group-a,4, ac7049b8-080f-4aca-bd48-3c7e9474e61b,,
2019-06-18 22:08:27 UTC, group-a,2, 46c0f0b6-736f-4d30-acf6-a942dfbfd0ac,,
2019-06-19 14:31:37 UTC, group-a,3, 40a5ef8d-c254-43c0-b8e3-84ce4148122a,,
2019-06-19 23:10:01 UTC, group-a,3, cc661041-a017-4b91-bfa0-4dc1cc60d933,,
2019-06-20 00:42:25 UTC, group-a,3, 92f002fe-b7ee-4f8c-8031-f5269527857c,,
2019-06-20 01:34:29 UTC, group-a,3, edd6e4ee-108a-4101-8e38-5bff43f30792,,
2019-06-20 18:46:52 UTC, group-a,3, c7097d58-a50e-412f-af65-456184726218,,
2019-06-20 20:28:50 UTC, group-a,4, 0229163d-8656-4f12-91c7-0744944d04d4,,
2019-06-21 20:30:48 UTC, group-a,3, 42074da6-db8f-4cab-a27f-66499776a94c,,
2019-06-21 23:28:18 UTC, group-a,3, 38d6bbbc-9f63-47c6-b777-eabb587663dd,,
2019-06-23 23:57:27 UTC, group-a,4, baef31d6-337e-446f-aef0-ad4e5a4e25d4,,
2019-06-24 17:53:58 UTC, group-a,3, ba5280f9-e128-4a71-8680-f0900e2f6a9c,,
2019-06-24 19:14:09 UTC, group-a,3, 6c79ee0b-79ff-4535-9626-f7278eaae7c0,,
2019-06-24 23:32:18 UTC, group-a,3, bb5018fb-f3c3-4349-8fee-6dab0e501ac3,,
2019-06-25 15:35:22 UTC, group-a,5, ec416dcb-ec3d-4bf6-b493-71e06bbac695,,
2019-06-25 20:23:41 UTC, group-a,3, f7a927b6-31c1-4e10-9d35-62f09362f667,,
2019-06-25 20:26:52 UTC, group-a,3, 587e80f5-fbb6-40ae-9e84-5c006f65658a,,
2019-06-26 00:02:28 UTC, group-a,3, e9206986-af7d-41a3-bee4-c2bc8b362549,,
2019-06-26 16:18:50 UTC, group-a,3, 3c7fe114-4d94-4031-9a2f-8ac9179f1f6d,,
2019-06-26 17:43:55 UTC, group-a,3, f6af156e-42f3-401d-8731-37149ba10630,,
2019-06-26 22:36:55 UTC, group-a,5, 1138fd21-c929-4039-9a5a-c1534ae789be,,
2019-06-26 22:58:48 UTC, group-a,3, 052240ba-beb0-4be8-9c82-392ae4a499cd,,
2019-06-27 23:29:21 UTC, group-a,3, 124d290a-0d4e-4efa-aed2-7ff857474a77,,
2019-06-28 06:59:55 UTC, group-a,5, 3999bcad-1f85-49df-bc98-e6bd04d22de6,,
2019-06-28 16:57:48 UTC, group-a,3, b6440471-5cd4-4555-9c74-c0cd004f695b,,
2019-06-28 17:45:23 UTC, group-a,3,401424840,,
2019-06-29 00:26:13 UTC, group-a,3, 9c1752d0-43ce-4c2a-9758-400abbf3a6c2,,
2019-06-29 00:48:57 UTC, group-a,3, 32dba59e-70eb-4076-b43b-2dd136e001e9,,
2019-06-29 07:20:39 UTC, group-a,2, aadd2d02-cc6b-42e5-b615-bbe721ae2829,,
2019-06-29 07:20:41 UTC, group-a,3, a23789de-ede2-40bc-bef3-dd4e29fee5bd,,
2019-06-29 23:25:14 UTC, group-a,2, f95a4d42-97c7-4894-8e2e-d0c072711513,,
2019-06-29 23:25:37 UTC, group-a,3, 26545339-16a7-4a98-9bc1-4b96ad3d44da,,
2019-06-30 04:47:28 UTC, group-a,3,193457382,,
2019-06-30 04:47:28 UTC, group-a,3, 4aa614fc-c63b-4e93-a322-10ee4451e463,,
2019-07-01 00:04:04 UTC, group-a,3, 184e2964-dc62-4cf9-88ce-3d3089dccbdd,,
2019-07-01 04:54:42 UTC, group-a,3, cfe9c212-fe90-4b71-934f-cfc5e6add30b,,
2019-07-02 00:16:39 UTC, group-a,3, 3b3cc719-b2db-4b73-9f45-45579814c221,,
2019-07-02 06:45:41 UTC, group-a,5, 6be68a6c-a5de-416e-87b5-2b5dabccbc8d,,
2019-07-02 17:31:39 UTC, group-a,4,400621535,,
2019-07-02 17:33:09 UTC, group-a,5,401939936,,
2019-07-02 18:13:45 UTC, group-a,3, 9fd38423-5d74-448d-bc07-6e0c9db02c1a,,
2019-07-02 18:22:05 UTC, group-a,3,401890743,,
2019-07-02 21:08:30 UTC, group-a,5, c9cc3b7a-87f8-4df7-9318-1cae33d85ef4,,
2019-07-02 21:45:18 UTC, group-a,3, 5248a22c-0e7b-4078-b94d-a2207d39ea0d,,
2019-07-03 13:44:13 UTC, group-a,3, 1f042c65-5e24-4077-860d-2d6b045c0921,,
2019-07-03 21:25:05 UTC, group-a,3, 483ba523-d559-4766-8426-eff776df4064,,
2019-07-03 21:26:07 UTC, group-a,3, fcde3c9c-4eac-4c1f-a150-69da5bba14f4,,
2019-07-03 23:59:56 UTC, group-a,3, 52858261-1b83-4c2d-8a36-0888611c95ad,,
2019-07-06 01:35:15 UTC, group-a,3, d290df8e-c821-450a-a749-33721046affd,,
2019-07-08 20:36:31 UTC, group-a,3, 9d822978-875a-4515-9ebe-b07d4af3ddff,,
2019-07-08 22:40:19 UTC, group-a,2, 176e6311-0bd4-4db6-8333-cebb4ae3bbe8,,
2019-07-09 00:47:29 UTC, group-a,3, cfe9c212-fe90-4b71-934f-cfc5e6add30b,,
2019-07-09 00:53:18 UTC, group-a,4, 1b5cacea-dd4d-43c2-a2e4-d179816194f7,,
2019-07-09 05:09:37 UTC, group-a,4, 9d63ce6b-a13f-42e4-9618-06f07dad40dc,,
2019-07-09 05:09:37 UTC, group-a,4,402589875,,
2019-07-09 11:44:23 UTC, group-a,3, fb832ffc-67a3-4935-8c11-4cc5f774f57a,,
2019-07-09 17:01:08 UTC, group-a,3, 1f6e628a-960b-4132-bdeb-06536d39bf7f,,
2019-07-10 00:33:08 UTC, group-a,3, 8a644133-3296-42c2-9edf-a2f68058f774,,
2019-07-10 13:47:41 UTC, group-a,3, 48167e22-bd5f-42ab-8564-8eb2e274c55b,,
2019-07-10 18:09:29 UTC, group-a,3, 1a978398-03a4-4260-bb4c-9af89ab1eec1,,
2019-07-10 20:48:37 UTC, group-a,3, 208fe3c5-8c25-4eaa-8bc2-b8a3fef44c23,,
2019-07-10 21:03:32 UTC, group-a,3, 112b483d-9db1-4035-943a-70f9ae4484f9,,
2019-07-10 22:50:00 UTC, group-a,3, 10424654-0967-43e9-a64b-19bc66adfbeb,,
2019-07-10 23:36:59 UTC, group-a,5, 6937c95a-c4dd-4f8f-8dd7-f4901d552a94,,
2019-07-11 08:45:32 UTC, group-m,3,403413675,,
2019-07-11 16:07:28 UTC, group-a,3, 29ffd815-0cb8-468f-b1a1-8fd1e3234376,,
2019-07-11 18:36:18 UTC, group-a,3, 1e06d523-659b-4728-9408-2939910e5d5c,,
2019-07-12 07:48:05 UTC, group-a,5, 43d714d5-1a42-49ae-a964-c9e661917645,,
2019-07-12 15:43:29 UTC, group-a,3, 29ffd815-0cb8-468f-b1a1-8fd1e3234376,,
2019-07-13 00:22:35 UTC, group-a,5, 878b434d-6c7e-47d8-b9d1-2d004ff3d060,,
2019-07-13 12:32:50 UTC, group-a,2, 5a1e194b-1770-46d3-bbb6-f5cd5f9fdc48,,
2019-07-14 11:55:56 UTC, group-a,3, b0b2b8a9-1fdd-42b5-ae36-7ddb2abf21e1,,
2019-07-15 18:19:24 UTC, group-a,3, 37aa8ea5-8ee7-4299-9b65-dd26d66157ad,,
2019-07-15 20:08:38 UTC, group-a,5, be717d7b-34f7-4ba8-a5ca-67593b8477ab,,
2019-07-15 20:51:57 UTC, group-a,3, cfe9c212-fe90-4b71-934f-cfc5e6add30b,,
2019-07-15 22:12:13 UTC, group-a,3, 2d3c45ea-0942-40e3-bb21-3d6f036770aa,,
2019-07-15 23:46:02 UTC, group-m,3,403902090,,
2019-07-16 12:18:25 UTC, group-a,3, 26d47597-c8b8-478d-8a1b-058e2101cadb,,
2019-07-16 18:31:16 UTC, group-a,3, e8c08375-8ac3-4173-933d-e03586b2f1ce,,
2019-07-16 23:25:41 UTC, group-a,3, 9f7d7a15-ad7e-4e17-a617-09cc3a726dc8,,
2019-07-17 19:21:22 UTC, group-a,4, 3b407ae7-61d8-4b5b-b1df-f604019b023f,,
2019-07-17 22:11:05 UTC, group-a,2, 16481052-e8b1-4d3c-a03b-66ce52b3975c,,
2019-07-17 23:04:40 UTC, group-a,5, 9a581273-16ab-415d-9f35-a3e090a6e746,,
2019-07-18 23:18:56 UTC, group-a,3, 2facaad7-b750-4ec9-906c-7c085d5e20b5,,
2019-07-18 23:18:56 UTC, group-a,3, c2ae1db3-5dd1-4da9-8610-cc3786052e92,,
2019-07-19 00:59:09 UTC, group-a,3, cfe9c212-fe90-4b71-934f-cfc5e6add30b,,
2019-07-19 08:33:44 UTC, group-a,5, c4906010-9c77-4190-a2a1-de979d6129c5,,
2019-07-19 15:32:40 UTC, group-a,3, 017bfe86-1a4d-408b-a373-8c5279e2f59c,,
2019-07-22 10:24:02 UTC, group-a,4, 029796b3-52ef-4cf7-9f30-07c6fbcffe4c,,
2019-07-22 17:26:10 UTC, group-a,3, 3b0e9a54-0211-48a9-a001-fbed110474bb,,
2019-07-22 19:43:09 UTC, group-a,3, ac3c7525-ec1c-413b-9a0c-176ec9c690d2,,
2019-07-22 20:38:50 UTC, group-a,3, 7c2f04c1-c932-43d4-a7f9-aab7f5dfd8fe,,
2019-07-22 21:34:14 UTC, group-a,3, 289ff48d-c983-4f21-b877-8a290d7ffc35,,
2019-07-22 21:34:14 UTC, group-a,3, 908c28fa-b185-4905-b4a0-0c50e77904ed,,
2019-07-23 00:08:36 UTC, group-a,3, 83e08065-6939-4359-8d31-cb13657036d5,,
2019-07-23 00:11:46 UTC, group-a,3, 6de6418a-e4be-4f40-8d56-cbdd5c9c150c,,
2019-07-23 04:23:43 UTC, group-a,3, f72be665-6916-45da-89ba-015b798c70e5,,
2019-07-23 19:44:18 UTC, group-a,4, dd0ed546-a897-4d75-b339-dac82ea29750,,
2019-07-23 19:44:18 UTC, group-a,4,404849554,,
2019-07-23 21:35:29 UTC, group-a,3, cecedeb2-7d99-4ca1-9b62-7b2789ebdb46,,
2019-07-23 22:10:01 UTC, group-a,3, b7798ad1-d663-4068-bbf9-ce6d27999f49,,
2019-07-23 22:10:47 UTC, group-a,3, b63ee309-2015-4676-9c0e-79922f1a31a5,,
2019-07-23 22:10:48 UTC, group-a,3, 7ebadf88-5c2f-4ea7-ab24-b87d39c4e15c,,
2019-07-23 22:10:49 UTC, group-a,3, d7f8e285-19e0-450f-bc79-518aa29c4783,,
2019-07-23 22:10:50 UTC, group-a,3, f1809ef4-a850-4782-bab0-d3a99bd9f213,,
2019-07-23 22:10:51 UTC, group-a,3, b87284aa-13fb-492a-aa7d-a3b1a7e26875,,
2019-07-23 22:10:52 UTC, group-a,3, 47a79e18-d790-4a7e-85e6-31a98e39bac4,,
2019-07-23 22:11:30 UTC, group-a,5,404888064,,
2019-07-23 22:11:30 UTC, group-a,5, 29a2b450-99e4-4719-b7b9-d34923ab7559,,
2019-07-24 07:37:09 UTC, group-a,5, a9e7b207-04fa-47ec-9183-1eb15b917fa1,,
2019-07-24 07:37:09 UTC, group-a,5,404935739,,
2019-07-24 08:02:36 UTC, group-a,3, e7823b8e-8c6e-45b5-aebd-2b9ba45b6807,,
2019-07-24 17:14:49 UTC, group-a,5, 6fbdcd55-e369-4edc-ab52-2995f886d055,,
2019-07-24 19:41:00 UTC, group-a,3, 754dad31-bb25-47f7-a9ee-7fa218b0f29c,,
2019-07-25 16:47:21 UTC, group-a,2, cced80bc-80bd-4029-be20-0590a76fe31d,,
2019-07-25 16:50:12 UTC, group-a,2, 3ab2e8de-f36e-4ed8-893f-6c121087274d,,
2019-07-25 16:50:35 UTC, group-a,3, cd1f9cca-f5de-4f5b-8da9-ff2f9506ab93,,
2019-07-25 16:51:04 UTC, group-a,3, 0aace76f-9ef4-4f43-b4de-d012f544a393,,
2019-07-25 18:38:46 UTC, group-m,3,405237569,,
2019-07-25 20:12:58 UTC, group-a,3, 2af06891-62ef-4d10-8f59-f7dc55ce9a15,,
2019-07-26 00:02:10 UTC, group-a,3, 135e6e9e-173b-44e7-ac72-8d6ff2e0396f,,
2019-07-26 00:06:35 UTC, group-a,3, b8cadfe5-379f-4cda-9c40-1bca7841f995,,
2019-07-26 15:26:19 UTC, group-a,3, 8ba1fd38-0436-4a53-ab59-c63cf1dde1b0,,
2019-07-27 15:51:01 UTC, group-a,3, 3fa7a9d6-a237-41ea-a5e2-40b7e8e82f79,,
2019-07-29 16:03:42 UTC, group-z,3, 99bb82e2-723e-4d8d-a6e5-37e4fc88daf7,,
2019-07-29 20:07:01 UTC, group-a,3, ea28084e-9647-4506-be9b-50097e2af0e0,,
2019-07-29 21:40:16 UTC, group-a,3, 5d8d484c-fe41-4c41-8837-3715aa730e6a,,
2019-07-29 23:22:30 UTC, group-a,3,403938324,,
2019-07-30 00:44:17 UTC, group-a,4, e86ef8b3-692e-42e9-ba4f-84db83f98c34,,
2019-07-30 14:25:30 UTC, group-a,2, deb2a61f-29be-4edd-bef7-a86da54c3a71,,
2019-07-30 17:10:06 UTC, group-a,4, e0640611-9e93-49de-bbf3-0c9faa9f01a5,,
2019-07-31 09:41:32 UTC, group-a,3, 2af06891-62ef-4d10-8f59-f7dc55ce9a15,,
2019-07-31 15:23:52 UTC, group-a,3, 423cb56b-6585-46cd-8b01-6a4744252c86,,
2019-07-31 17:43:57 UTC, group-a,3, f7edd383-4980-4a83-9630-3a355a31975a,,
2019-07-31 18:21:30 UTC, group-m,3,405918997,,
2019-07-31 21:19:31 UTC, group-a,3, 66cf3b3c-64d0-4c25-bf4f-0553531f3315,,
2019-08-01 02:39:41 UTC, group-a,5, 0cab149f-7965-4e48-bc38-af80e3c0e179,,
2019-08-01 02:39:41 UTC, group-a,3, 945d234a-d4ad-4b69-8d38-e5c9d9f4c54b,,
2019-08-03 11:58:26 UTC, group-a,3, E201759160,,
2019-08-04 09:38:37 UTC, group-a,3, e1a5b023-2b0a-49c2-adce-57f459b06fce,,
2019-08-05 03:51:09 UTC, group-a,3, 189eec5d-ca3d-4683-843e-0661d8774e7a,,
2019-08-05 18:08:26 UTC, group-a,3, 4494d702-64d7-4eba-b2be-a765ee2184a5,,
2019-08-05 18:11:27 UTC, group-a,3, c297fe7d-bd47-4359-a09b-28610458f65c,,
2019-08-05 20:26:39 UTC, group-a,3, 7783532a-b0ad-42f0-ad22-9e5f607b8478,,
2019-08-05 22:21:08 UTC, group-a,3, ef1977b5-b309-4cb0-bc99-706fdfbc45ee,,
2019-08-06 07:49:07 UTC, group-a,4, b5578feb-16b1-41c1-be0c-c17a9477fa1c,,
2019-08-06 11:28:29 UTC, group-a,3, 9d3fd801-753f-423e-bbd5-7ed0ee3ae663,,
2019-08-06 13:31:11 UTC, group-a,3, ce2f58ed-e774-4b9c-998f-cfc06074fdea,,
2019-08-06 22:02:10 UTC, group-a,3, 2c93d2ca-0baf-433c-a94c-2bb94c249a4b,,
2019-08-07 07:42:34 UTC, group-m,3,406695132,,
2019-08-07 09:17:13 UTC, group-a,3, 2ee39266-4d31-47f1-8401-b0d9b3294239,,
2019-08-07 16:32:16 UTC, group-a,3, 189eec5d-ca3d-4683-843e-0661d8774e7a,,
2019-08-07 19:34:44 UTC, group-a,3, 893a5076-6050-4dbb-97ea-b601ac11d2ba,,
2019-08-07 20:19:09 UTC, group-a,3, e9c605f7-3696-45ee-b3b8-43e4cfcacf3d,,
2019-08-08 06:14:28 UTC, group-a,3, 62d7ff84-0050-4aad-a6df-617f865c6cce,,
2019-08-09 12:08:55 UTC, group-a,4, E201999251,,
2019-08-09 21:35:43 UTC, group-a,4, E202015473,,
2019-08-10 04:36:21 UTC, group-a,3, 5c55981f-4dca-479c-8f72-00005f70d1c4,,
2019-08-10 04:36:36 UTC, group-a,3, 20a0040e-0e87-4dec-a824-33c25f245309,,
2019-08-10 04:37:17 UTC, group-a,3, b870b122-e54a-48d6-847a-57357cc23a4d,,
2019-08-10 04:46:52 UTC, group-a,3, ae90e7c3-8921-452c-af36-5ba749fc24d3,,
2019-08-10 12:18:22 UTC, group-a,4, E202037357,,
2019-08-12 14:35:17 UTC, group-a,3, c295efbf-65c7-4d08-9a3b-9fdf88c31483,,
2019-08-12 21:49:34 UTC, group-a,4, E201999251,,
2019-08-13 01:25:53 UTC, group-a,4, 73a771f4-dcaf-4f74-8d10-b066f9d4494e,,
2019-08-13 07:27:15 UTC, group-a,4, 45ed1cbd-4431-4398-8d2b-ae51fa7f13c3,,
2019-08-13 10:03:09 UTC, group-a,4, E202037357,,
2019-08-13 12:09:15 UTC, group-a,3, 37f64a30-dcb6-46c7-a073-2781bb327b9a,,
2019-08-13 17:19:13 UTC, group-a,3, 7fd9ab89-4e92-42b6-b198-6e22cc583bdc,,
2019-08-13 17:58:09 UTC, group-a,3, edef2ef9-0819-46fc-bd4c-6c417a1bbf8a,,
2019-08-13 20:09:24 UTC, group-m,3, c295efbf-65c7-4d08-9a3b-9fdf88c31483,,
2019-08-13 22:45:18 UTC, group-a,3, f1c525bf-664d-4376-b737-ff2dfe248daf,,
2019-08-13 22:45:43 UTC, group-a,3, a6a5eea9-bb7e-4359-b6be-23cc4c2ff23a,,
2019-08-13 22:54:31 UTC, group-a,3, eea0d683-ce16-4d67-aada-5ee3b0b1b8a5,,
2019-08-14 03:34:59 UTC, group-m,4, 73a771f4-dcaf-4f74-8d10-b066f9d4494e,,
2019-08-14 04:13:13 UTC, group-a,3, 435ddd67-7937-4077-889c-dc5d00fbd631,,
2019-08-14 11:40:46 UTC, group-a,2, fec0604a-6f50-4501-a892-1ebe16769c54,,
2019-08-15 17:12:27 UTC, group-a,3, e6b1bf65-2f87-4662-9270-f6a94049931b,,
2019-08-15 17:49:02 UTC, group-a,5, 9c3c58b4-dfc8-44be-a762-c1cc9013c1f0,,
2019-08-15 20:33:02 UTC, group-a,2, ea19f2bd-68b2-488a-8404-fbe04346273d,,
2019-08-16 00:16:34 UTC, group-a,4, cb5b50f0-601a-4e3a-9a2a-617be436f4b4,,
2019-08-16 00:27:17 UTC, group-a,3, a4fe6031-1ab3-470a-9bfa-1ad4f3aa17cd,,
2019-08-16 01:32:07 UTC, group-a,3, 639b318d-568c-47d0-a2d8-c4d1b2c53c3d,,
2019-08-16 05:33:25 UTC, group-a,3, ad2a6252-1084-48be-b7dc-54d2ad0cf659,,
2019-08-16 22:12:17 UTC, group-a,3, e1a5b023-2b0a-49c2-adce-57f459b06fce,,
2019-08-16 22:47:15 UTC, group-a,3, e1a5b023-2b0a-49c2-adce-57f459b06fce,,
2019-08-16 23:35:00 UTC, group-a,3, 7723c9d8-dceb-4296-9a31-1da55367152e,,
2019-08-17 00:43:53 UTC, group-a,3, e1a5b023-2b0a-49c2-adce-57f459b06fce,,
2019-08-19 18:50:51 UTC, group-a,4, e86ef8b3-692e-42e9-ba4f-84db83f98c34,,
2019-08-20 17:24:01 UTC, group-a,3, 45606961-1a7f-488d-a2b7-7612b066cc45,,
2019-08-20 17:24:01 UTC, group-a,3,405784383,,
2019-08-23 17:35:13 UTC, group-a,5, 6fbdcd55-e369-4edc-ab52-2995f886d055,,
2019-08-23 21:40:46 UTC, group-a,4, 6afce5e9-8dc4-43d3-a415-dda47e4b47a3,,
2019-08-26 22:16:46 UTC, group-a,4, ec329da5-55b2-43ef-bb42-c072682778e0,,
2019-08-26 22:24:00 UTC, group-a,3, 573fbf78-80b3-4279-af7a-86f2c3162f45,,
2019-08-27 17:09:02 UTC, group-a,3, 573fbf78-80b3-4279-af7a-86f2c3162f45,,
2019-08-27 18:12:48 UTC, group-a,3, 334bad6f-1e82-4f15-8548-6652c6d71d91,,
2019-08-27 21:08:21 UTC, group-a,3, e73ad664-f739-4674-94a1-14a6d668d9a1,,
2019-08-27 21:26:49 UTC, group-a,3, 7a449b69-d04a-4edd-908b-ea5f0ce2b7bd,,
2019-08-27 23:19:17 UTC, group-a,4, 41dac82d-3b0a-413b-8249-3707d09f7ea4,,
2019-08-28 16:10:05 UTC, group-m,3, E202723059,,
2019-08-28 21:00:43 UTC, group-a,3, eb5264c8-edf5-4033-bb63-40ca88b5cb9f,,
2019-08-29 06:34:28 UTC, group-a,3, E202763000,,
2019-08-29 10:47:54 UTC, group-a,3, E202015473,,
2019-08-29 15:36:13 UTC, group-a,3, E202037357,,
2019-08-29 17:09:04 UTC, group-a,3, 940807a7-3675-453c-90a6-7dfd9387f6ba,,
2019-08-29 19:13:53 UTC, group-a,3, E201999251,,
2019-08-29 20:52:49 UTC, group-a,3, 93d2e8b0-7118-4f6b-bac5-e5f4c9043432,,
2019-08-29 22:08:14 UTC, group-a,3, 5b7221e0-e60f-404d-8142-f7439b5ab42c,,
2019-08-29 23:54:34 UTC, group-a,3, e5d471fa-d433-4820-8477-9c4afef30e23,,
2019-08-30 06:56:22 UTC, group-a,3, de543a44-878f-4e0f-ba3c-5b0928592f0f,,
2019-08-30 19:06:34 UTC, group-a,3, 98ca4fe2-84fd-4a8b-9396-a26a5435f1c4,,
2019-08-31 00:48:11 UTC, group-a,3, d0f3c8bb-c9a9-4d6d-a162-c3ca898cfee8,,
2019-08-31 02:57:21 UTC, group-a,3, 5f86a141-dc6e-402d-8941-4c211f1a3e62,,
2019-09-02 09:21:26 UTC, group-a,4, 7ec6da75-fadb-4d4b-beaa-41352715d802,,
2019-09-02 16:15:20 UTC, group-a,3, 13c9ac4d-42e9-496d-b846-fe94f3745ea9,,
2019-09-02 16:15:22 UTC, group-a,2, 3ab12d78-8a1a-4b1a-ae0c-e5f852d94cbe,,
2019-09-03 11:43:28 UTC, group-a,3, 4eac1415-d355-40ed-a66e-f4d5dd6e1fad,,
2019-09-03 19:41:40 UTC, group-a,3, 603365ac-5d79-4cae-874c-a65b160f8e48,,
2019-09-03 21:37:01 UTC, group-a,3, 7f8133ad-bb20-473a-b674-c3cc13adbe92,,
2019-09-04 18:30:08 UTC, group-a,3, 01fa6acf-7ecb-4626-b1b0-c073c04c956e,,
2019-09-05 18:46:31 UTC, group-a,3, 351273ad-c869-4c98-82e7-746152e56ee3,,
2019-09-05 22:48:21 UTC, group-a,3, 82440ab6-166a-45ce-8793-704ec5eac201,,
2019-09-06 23:00:44 UTC, group-a,3, caba6faf-d024-48cb-9a07-20746a54647f,,
2019-09-06 23:04:53 UTC, group-a,3, e9c605f7-3696-45ee-b3b8-43e4cfcacf3d,,
2019-09-07 00:09:09 UTC, group-a,3, 21af54c7-ea5a-4189-99cb-5d1453e6e6ab,,
2019-09-07 20:00:12 UTC, group-a,2, e2bf4261-6f20-47f3-84e4-e759a5a36118,,
2019-09-08 00:57:29 UTC, group-a,3, c5a9715c-9eab-4084-81fe-5adadb4f20b6,,
2019-09-08 01:02:44 UTC, group-a,3, a91e5b3c-a4ff-4a37-b524-a6b3c1a7e2d7,,
2019-09-09 20:34:30 UTC, group-a,3, 6342a719-ec59-4c91-8e5d-7f815e366c58,,
2019-09-10 00:46:27 UTC, group-a,3, 0cd6b777-1713-47b4-ae46-fbf8a5d78c1c,,
2019-09-10 14:09:06 UTC, group-a,4, 34655a10-6f9f-4b3a-b419-f0026a28be06,,
2019-09-11 09:33:01 UTC, group-a,3, E203263026,,
2019-09-11 12:54:32 UTC, group-a,3, e475f3fd-b579-4ae9-89bb-197c73b30f3e,,
2019-09-11 17:05:00 UTC, group-a,3, f86b9ec6-1521-414c-a97d-a4e2859d8cbf,,
2019-09-11 20:15:55 UTC, group-a,5, 5a797538-eda6-4a85-a020-f8aabbbf59fb,,
2019-09-11 23:00:32 UTC, group-a,2, 39078577-f4fc-4e66-9587-09ad499795bf,,
2019-09-12 00:37:37 UTC, group-a,3, 256968ce-5fee-45d7-b96e-8c7bc70b68e5,,
2019-09-12 16:15:21 UTC, group-a,3, 23615fc2-144a-4217-9a5c-30708b131f58,,
2019-09-12 16:56:22 UTC, group-a,4, e6842048-d0aa-42cc-a002-fd06055252ce,,
2019-09-12 18:06:03 UTC, group-a,3, f367767f-02e2-40c9-9f38-0b7e06798061,,
2019-09-12 20:14:15 UTC, group-a,3, e4dac2b1-7715-465b-b888-06382b609e46,,
2019-09-12 23:00:34 UTC, group-a,3, a15e97cc-30c8-4979-89c7-37a3bfb0a8d1,,
2019-09-13 06:22:06 UTC, group-a,4, 95859bcd-e9e0-4e54-a88c-2eaa2e77317c,,
2019-09-13 06:38:15 UTC, group-a,4, 6b968a0f-b5bd-4efb-b565-605c3960950b,,
2019-09-13 14:58:34 UTC, group-a,3, 19000499-50f9-4310-9aa4-3a150d6869ac,,
2019-09-13 20:23:46 UTC, group-a,5, 6fbdcd55-e369-4edc-ab52-2995f886d055,,
2019-09-13 21:37:02 UTC, group-a,3, 77da967e-7cbc-47c2-a162-8476dac2f0c3,,
2019-09-13 23:00:29 UTC, group-a,3, deca1734-af0c-4f99-b2d1-10675f6f2340,,
2019-09-14 05:01:54 UTC, group-a,3, 3c883fb2-a715-4158-9b4a-686bd4455a51,,
2019-09-17 11:39:50 UTC, group-a,3, b37b77a9-f3c6-4659-8c58-ef9ec09c7d34,,
2019-09-18 00:26:10 UTC, group-a,3, 55f86d29-f48c-40d4-86f0-2cfba20a64a7,,
2019-09-18 10:21:07 UTC, group-a,2, 52af658b-5f32-423a-8556-017bb8545693,,
2019-09-18 21:42:15 UTC, group-a,3, 60e57fff-f7eb-4362-9359-87f0097d8981,,
2019-09-18 21:47:18 UTC, group-a,3, 87cafa5c-143a-48d4-82e8-af793088eeaf,,
2019-09-19 20:16:05 UTC, group-a,3, 49b9171d-fc30-4057-be5f-600510c4a639,,
2019-09-19 21:38:50 UTC, group-a,3, babdf1fe-3ebf-4fbd-a23d-9dda77e3cb71,,
2019-09-20 02:46:15 UTC, group-a,3, a5ba0300-34fa-4f46-9e90-03eeaedd67e7,,
